,Gender,Ever_Married,Age,Graduated,Profession,Income,Work_Experience,Spending_Score,Family_Size,cluster number
0,1,1.0,36,1.0,2.0,834,0.0,1,1.0,1
1,0,1.0,37,1.0,1.0,1597,8.0,2,4.0,0
3,0,1.0,59,0.0,6.0,1093,11.0,3,2.0,1
5,0,1.0,47,1.0,7.0,628,0.0,3,5.0,3
6,0,1.0,61,1.0,7.0,875,5.0,1,3.0,1
7,1,1.0,47,1.0,5.0,890,1.0,2,3.0,1
8,0,1.0,50,1.0,5.0,1678,2.0,2,4.0,0
9,0,0.0,19,0.0,1.0,572,0.0,1,4.0,3
10,0,0.0,22,0.0,1.0,1739,0.0,1,3.0,0
11,1,0.0,22,0.0,1.0,836,0.0,1,6.0,1
12,0,1.0,50,1.0,5.0,1421,1.0,2,5.0,2
13,0,0.0,27,0.0,1.0,1003,8.0,1,3.0,1
14,0,0.0,18,0.0,7.0,1375,0.0,1,3.0,2
15,1,1.0,61,1.0,5.0,890,0.0,1,1.0,1
16,1,1.0,20,1.0,3.0,557,1.0,2,3.0,3
17,0,1.0,45,1.0,5.0,881,1.0,2,2.0,1
18,0,1.0,55,1.0,5.0,739,8.0,1,1.0,3
19,1,1.0,88,1.0,3.0,582,1.0,2,4.0,3
22,0,0.0,42,1.0,5.0,539,0.0,1,4.0,3
24,1,1.0,35,1.0,1.0,1553,9.0,3,3.0,0
25,0,1.0,27,0.0,6.0,561,5.0,3,4.0,3
27,1,0.0,29,1.0,1.0,584,0.0,1,4.0,3
28,1,1.0,79,0.0,3.0,507,1.0,3,2.0,3
30,0,1.0,89,0.0,3.0,699,1.0,1,2.0,3
31,0,1.0,63,1.0,5.0,1308,9.0,2,3.0,2
32,0,0.0,31,0.0,5.0,862,1.0,1,2.0,1
33,0,1.0,72,1.0,5.0,573,1.0,2,6.0,3
34,1,1.0,41,1.0,7.0,1009,9.0,2,2.0,1
35,1,0.0,61,1.0,5.0,811,11.0,1,1.0,1
36,0,1.0,62,1.0,5.0,1375,0.0,1,2.0,2
37,0,1.0,56,1.0,5.0,840,1.0,2,2.0,1
38,0,1.0,60,1.0,5.0,685,2.0,2,5.0,3
39,0,1.0,68,1.0,5.0,508,0.0,3,2.0,3
41,0,1.0,57,1.0,6.0,895,8.0,3,3.0,1
42,0,0.0,19,0.0,1.0,545,5.0,1,5.0,3
43,1,1.0,51,1.0,5.0,683,3.0,2,6.0,3
44,1,1.0,86,0.0,5.0,1693,1.0,3,2.0,0
45,1,1.0,74,0.0,3.0,1092,1.0,3,2.0,1
46,0,0.0,23,0.0,4.0,516,6.0,1,2.0,3
47,0,1.0,47,1.0,5.0,886,0.0,2,2.0,1
48,1,0.0,19,0.0,1.0,838,7.0,1,6.0,1
49,0,1.0,50,0.0,5.0,1584,0.0,3,4.0,0
52,1,0.0,48,1.0,7.0,554,0.0,1,1.0,3
53,0,1.0,70,1.0,7.0,750,1.0,2,2.0,3
54,0,1.0,50,1.0,6.0,783,3.0,3,5.0,1
55,1,1.0,83,1.0,3.0,675,0.0,3,2.0,3
56,0,0.0,35,1.0,4.0,886,0.0,1,1.0,1
57,1,0.0,36,1.0,5.0,1430,0.0,1,2.0,2
58,1,0.0,35,1.0,5.0,685,1.0,1,1.0,3
59,0,1.0,35,1.0,5.0,1038,0.0,2,2.0,1
60,0,0.0,18,0.0,1.0,698,3.0,1,3.0,3
61,1,1.0,73,1.0,5.0,520,1.0,2,2.0,3
62,0,1.0,62,0.0,5.0,1048,1.0,3,3.0,1
63,1,1.0,46,1.0,5.0,1063,1.0,2,2.0,1
64,0,1.0,43,1.0,4.0,1028,0.0,1,4.0,1
65,1,0.0,32,1.0,4.0,652,7.0,1,1.0,3
66,0,0.0,39,1.0,5.0,1342,0.0,1,1.0,2
67,1,1.0,89,1.0,3.0,694,0.0,3,2.0,3
68,1,0.0,18,0.0,1.0,549,0.0,1,3.0,3
69,1,1.0,57,1.0,5.0,600,0.0,3,2.0,3
70,1,0.0,18,0.0,4.0,826,0.0,1,4.0,1
71,1,1.0,71,1.0,5.0,696,1.0,3,2.0,3
72,1,1.0,69,1.0,5.0,525,0.0,2,2.0,3
73,1,0.0,42,1.0,1.0,819,0.0,1,4.0,1
74,1,0.0,36,1.0,5.0,506,0.0,1,2.0,3
75,1,1.0,80,1.0,3.0,542,1.0,3,2.0,3
77,1,1.0,67,1.0,5.0,700,0.0,2,3.0,3
78,1,1.0,47,1.0,7.0,1605,1.0,2,4.0,0
79,1,1.0,49,1.0,5.0,1605,0.0,2,2.0,0
80,1,1.0,32,0.0,2.0,825,9.0,1,4.0,1
81,1,1.0,65,1.0,3.0,882,1.0,2,4.0,1
82,1,1.0,78,0.0,3.0,577,0.0,3,2.0,3
83,0,0.0,33,1.0,5.0,744,1.0,1,6.0,3
84,0,1.0,48,1.0,5.0,740,1.0,1,1.0,3
85,0,1.0,58,1.0,6.0,827,1.0,2,5.0,1
87,1,0.0,30,0.0,1.0,659,9.0,1,4.0,3
88,1,0.0,35,1.0,5.0,727,0.0,1,2.0,3
89,0,0.0,32,1.0,1.0,1443,6.0,1,5.0,2
90,0,1.0,69,1.0,8.0,689,1.0,3,2.0,3
91,1,1.0,71,1.0,3.0,632,1.0,3,2.0,3
92,0,0.0,43,1.0,3.0,587,0.0,1,1.0,3
93,0,1.0,37,1.0,5.0,639,0.0,1,2.0,3
94,0,0.0,42,1.0,7.0,615,0.0,1,1.0,3
95,1,1.0,70,1.0,7.0,606,1.0,2,2.0,3
96,0,0.0,46,1.0,5.0,524,0.0,1,2.0,3
98,0,1.0,70,1.0,5.0,1301,0.0,2,2.0,2
100,0,1.0,60,1.0,4.0,527,1.0,1,1.0,3
101,0,0.0,37,1.0,4.0,1387,0.0,1,2.0,2
102,0,1.0,30,1.0,1.0,554,1.0,1,2.0,3
103,1,0.0,32,1.0,2.0,1309,1.0,1,3.0,2
104,0,1.0,26,1.0,6.0,845,0.0,1,3.0,1
105,0,0.0,42,1.0,9.0,1404,0.0,1,1.0,2
108,0,1.0,29,1.0,1.0,876,8.0,3,2.0,1
109,1,1.0,88,1.0,5.0,824,1.0,3,2.0,1
110,0,1.0,70,1.0,3.0,794,1.0,1,1.0,1
111,1,1.0,50,1.0,5.0,512,1.0,3,4.0,3
112,0,1.0,43,1.0,7.0,1360,4.0,2,4.0,2
113,0,1.0,51,1.0,5.0,606,6.0,2,2.0,3
118,0,1.0,60,0.0,6.0,527,0.0,1,2.0,3
119,0,0.0,46,1.0,5.0,611,2.0,1,1.0,3
120,1,1.0,81,1.0,9.0,1328,0.0,1,2.0,2
122,0,1.0,22,0.0,6.0,1563,0.0,3,4.0,0
123,0,1.0,37,1.0,5.0,821,0.0,2,3.0,1
124,0,1.0,43,0.0,2.0,658,0.0,1,1.0,3
125,0,1.0,50,1.0,5.0,769,1.0,2,3.0,1
126,1,1.0,35,1.0,5.0,1587,1.0,2,2.0,0
127,0,1.0,65,0.0,3.0,574,1.0,3,2.0,3
128,1,0.0,41,1.0,2.0,1770,0.0,1,4.0,0
129,0,0.0,28,0.0,4.0,784,8.0,1,2.0,1
130,0,1.0,55,1.0,5.0,1470,4.0,2,2.0,2
132,0,0.0,28,0.0,1.0,820,1.0,1,3.0,1
134,1,1.0,78,0.0,7.0,1668,1.0,3,2.0,0
135,1,0.0,35,1.0,7.0,1347,1.0,1,3.0,2
136,1,1.0,76,1.0,3.0,524,0.0,3,2.0,3
137,1,1.0,88,1.0,3.0,542,1.0,3,2.0,3
140,0,0.0,30,0.0,7.0,1781,0.0,1,4.0,0
141,0,1.0,69,0.0,6.0,561,0.0,3,2.0,3
142,0,1.0,65,1.0,7.0,1465,1.0,2,2.0,2
143,1,1.0,70,1.0,3.0,1085,1.0,1,2.0,1
144,0,1.0,32,0.0,1.0,1670,0.0,2,4.0,0
146,0,0.0,21,0.0,1.0,1582,8.0,1,5.0,0
148,1,0.0,39,0.0,9.0,834,0.0,1,2.0,1
149,0,1.0,85,1.0,3.0,519,0.0,1,3.0,3
150,1,0.0,66,1.0,5.0,1015,0.0,1,2.0,1
151,1,1.0,50,1.0,5.0,1781,1.0,2,2.0,0
152,1,1.0,42,1.0,5.0,1760,0.0,2,3.0,0
153,0,1.0,53,1.0,5.0,563,9.0,1,1.0,3
155,1,1.0,45,1.0,5.0,768,1.0,1,2.0,1
158,0,1.0,40,1.0,5.0,1090,4.0,1,1.0,1
159,1,1.0,35,1.0,5.0,657,1.0,1,1.0,3
161,1,1.0,48,1.0,5.0,871,0.0,2,3.0,1
162,1,1.0,56,1.0,5.0,1430,0.0,2,2.0,2
165,1,1.0,46,1.0,4.0,653,7.0,1,3.0,3
166,0,1.0,49,0.0,3.0,570,0.0,1,2.0,3
167,0,1.0,72,0.0,9.0,591,1.0,1,4.0,3
170,1,1.0,77,1.0,3.0,619,0.0,1,1.0,3
172,0,1.0,42,1.0,1.0,1049,6.0,3,4.0,1
175,0,0.0,26,1.0,1.0,514,1.0,1,1.0,3
176,0,1.0,67,1.0,3.0,1682,1.0,3,2.0,0
177,0,1.0,55,1.0,2.0,824,1.0,1,1.0,1
180,0,1.0,46,1.0,5.0,608,8.0,2,2.0,3
181,0,1.0,32,1.0,1.0,616,7.0,1,2.0,3
182,1,0.0,49,1.0,8.0,604,13.0,1,1.0,3
183,0,1.0,59,1.0,5.0,628,1.0,3,2.0,3
184,0,0.0,22,0.0,1.0,619,8.0,1,5.0,3
185,1,0.0,28,1.0,5.0,528,8.0,1,1.0,3
186,0,0.0,28,1.0,4.0,1010,1.0,1,3.0,1
187,0,1.0,75,1.0,3.0,1354,2.0,1,1.0,2
188,1,1.0,37,1.0,5.0,1682,13.0,1,2.0,0
189,0,1.0,50,1.0,7.0,580,0.0,2,2.0,3
190,1,1.0,50,1.0,6.0,693,1.0,3,4.0,3
192,1,1.0,35,1.0,5.0,1399,3.0,2,5.0,2
195,0,1.0,46,1.0,5.0,1350,0.0,1,1.0,2
196,1,1.0,50,1.0,5.0,582,1.0,2,4.0,3
197,1,0.0,33,1.0,5.0,680,7.0,1,3.0,3
198,0,1.0,49,1.0,5.0,1576,0.0,1,1.0,0
199,0,1.0,52,1.0,5.0,659,1.0,2,3.0,3
200,0,0.0,25,0.0,1.0,832,0.0,1,3.0,1
201,1,1.0,41,1.0,5.0,803,6.0,1,1.0,1
202,1,1.0,68,1.0,5.0,1533,0.0,3,2.0,0
203,1,1.0,79,0.0,3.0,887,2.0,3,2.0,1
204,0,1.0,40,1.0,4.0,646,5.0,2,5.0,3
208,0,0.0,28,1.0,4.0,1349,1.0,1,5.0,2
209,0,1.0,57,1.0,7.0,1781,0.0,2,2.0,0
211,1,1.0,63,0.0,2.0,593,8.0,1,1.0,3
212,1,1.0,26,0.0,4.0,741,1.0,1,3.0,3
213,1,1.0,50,0.0,9.0,1018,0.0,3,3.0,1
214,1,0.0,30,0.0,9.0,1344,9.0,1,4.0,2
216,0,1.0,61,1.0,5.0,1326,1.0,2,3.0,2
217,0,0.0,42,1.0,5.0,1310,3.0,1,1.0,2
218,0,1.0,88,1.0,5.0,1422,4.0,1,2.0,2
219,0,1.0,45,0.0,5.0,1422,3.0,2,3.0,2
220,1,1.0,86,1.0,3.0,672,1.0,1,1.0,3
221,0,0.0,18,0.0,1.0,1535,1.0,1,5.0,0
223,0,1.0,46,1.0,5.0,825,1.0,1,1.0,1
225,1,1.0,72,1.0,3.0,1761,8.0,3,2.0,0
226,1,1.0,50,1.0,5.0,545,0.0,3,3.0,3
228,0,0.0,46,0.0,5.0,703,3.0,1,3.0,3
230,0,1.0,42,0.0,6.0,1052,9.0,3,6.0,1
233,0,0.0,19,0.0,1.0,877,4.0,1,4.0,1
234,0,1.0,68,1.0,6.0,668,1.0,1,1.0,3
235,1,1.0,40,1.0,5.0,834,0.0,1,2.0,1
237,1,0.0,23,0.0,1.0,808,1.0,1,3.0,1
238,1,1.0,84,0.0,3.0,1042,1.0,3,2.0,1
239,0,1.0,51,0.0,5.0,544,0.0,1,4.0,3
241,1,1.0,41,1.0,5.0,626,1.0,2,5.0,3
242,0,1.0,51,0.0,6.0,835,1.0,3,2.0,1
244,1,1.0,62,0.0,3.0,689,1.0,3,4.0,3
245,1,1.0,38,1.0,5.0,749,8.0,1,1.0,3
247,0,0.0,22,0.0,1.0,561,3.0,1,4.0,3
249,1,1.0,62,1.0,4.0,1517,1.0,1,1.0,2
250,1,0.0,43,0.0,4.0,1524,1.0,1,3.0,2
253,0,0.0,48,1.0,5.0,1086,1.0,1,1.0,1
254,1,0.0,31,1.0,2.0,1507,4.0,1,2.0,2
255,0,1.0,46,0.0,5.0,1027,4.0,3,4.0,1
256,1,1.0,49,0.0,2.0,1566,1.0,2,4.0,0
258,0,0.0,42,1.0,5.0,591,8.0,1,1.0,3
262,1,0.0,39,1.0,2.0,1031,1.0,1,1.0,1
263,0,0.0,20,0.0,1.0,1554,0.0,1,5.0,0
265,0,1.0,72,1.0,6.0,642,1.0,1,1.0,3
266,0,1.0,70,1.0,1.0,649,0.0,1,1.0,3
267,0,0.0,45,1.0,5.0,516,2.0,1,1.0,3
268,0,0.0,33,0.0,6.0,637,7.0,1,5.0,3
269,0,1.0,50,0.0,4.0,505,0.0,2,3.0,3
270,0,0.0,31,1.0,4.0,783,6.0,1,1.0,1
271,1,1.0,74,0.0,3.0,1453,1.0,3,2.0,2
274,0,1.0,49,1.0,9.0,506,0.0,3,2.0,3
275,1,0.0,18,0.0,1.0,1018,1.0,1,3.0,1
276,1,1.0,85,0.0,4.0,1559,2.0,2,2.0,0
278,0,1.0,28,0.0,5.0,1799,0.0,1,4.0,0
279,0,1.0,46,0.0,5.0,814,3.0,2,2.0,1
280,0,1.0,59,1.0,8.0,1435,9.0,2,3.0,2
281,1,1.0,56,1.0,5.0,730,0.0,1,2.0,3
282,0,1.0,69,1.0,5.0,584,0.0,1,1.0,3
283,0,1.0,66,1.0,5.0,588,0.0,1,2.0,3
284,0,0.0,18,0.0,1.0,839,4.0,1,6.0,1
285,0,0.0,36,1.0,5.0,511,4.0,1,1.0,3
286,0,0.0,31,1.0,9.0,623,1.0,1,2.0,3
287,0,1.0,67,0.0,6.0,892,1.0,3,2.0,1
288,1,0.0,39,1.0,5.0,798,7.0,1,1.0,1
289,0,0.0,42,1.0,4.0,1696,4.0,1,3.0,0
290,0,1.0,50,1.0,5.0,773,0.0,1,2.0,1
291,1,1.0,37,1.0,5.0,1494,0.0,2,2.0,2
292,1,0.0,59,1.0,5.0,516,0.0,1,1.0,3
293,0,1.0,50,1.0,5.0,1680,8.0,1,2.0,0
294,0,1.0,48,1.0,5.0,791,8.0,1,3.0,1
295,0,1.0,55,1.0,5.0,1355,9.0,1,1.0,2
296,1,0.0,33,1.0,7.0,1647,1.0,1,3.0,0
297,0,0.0,38,1.0,5.0,1334,13.0,1,1.0,2
298,0,0.0,43,1.0,5.0,536,0.0,1,2.0,3
299,1,0.0,53,1.0,5.0,732,0.0,1,2.0,3
300,0,0.0,37,1.0,4.0,728,0.0,1,1.0,3
301,1,0.0,36,1.0,5.0,862,5.0,1,1.0,1
302,0,0.0,36,1.0,5.0,806,5.0,1,1.0,1
303,0,1.0,62,1.0,5.0,821,1.0,1,1.0,1
304,1,0.0,38,0.0,5.0,1087,2.0,1,2.0,1
305,0,0.0,55,1.0,4.0,749,1.0,1,1.0,3
306,0,1.0,60,0.0,4.0,678,1.0,2,2.0,3
307,1,1.0,36,1.0,4.0,1445,7.0,2,2.0,2
308,0,0.0,30,0.0,4.0,1751,5.0,1,9.0,0
309,1,0.0,66,0.0,4.0,1789,4.0,1,3.0,0
310,0,1.0,45,1.0,4.0,1447,1.0,1,1.0,2
314,1,1.0,62,1.0,8.0,1432,4.0,1,1.0,2
315,0,1.0,61,1.0,5.0,1095,1.0,1,2.0,1
316,1,1.0,50,1.0,5.0,587,4.0,1,2.0,3
317,0,1.0,53,1.0,4.0,584,3.0,1,2.0,3
318,0,0.0,39,1.0,5.0,733,7.0,1,1.0,3
319,1,0.0,86,1.0,3.0,872,0.0,1,1.0,1
320,0,1.0,50,1.0,5.0,1672,1.0,1,1.0,0
322,0,0.0,52,1.0,9.0,872,0.0,1,1.0,1
323,1,0.0,45,0.0,9.0,1372,0.0,1,1.0,2
324,1,0.0,37,1.0,5.0,506,9.0,1,1.0,3
325,1,1.0,36,1.0,2.0,586,3.0,1,1.0,3
327,1,0.0,40,0.0,7.0,1534,1.0,1,1.0,0
328,0,1.0,41,1.0,5.0,811,11.0,3,2.0,1
330,0,1.0,80,0.0,3.0,1732,4.0,2,2.0,0
331,1,0.0,46,1.0,5.0,1771,3.0,1,1.0,0
332,1,1.0,81,1.0,3.0,890,1.0,1,1.0,1
335,1,0.0,26,1.0,1.0,867,8.0,1,3.0,1
336,0,0.0,26,1.0,5.0,805,1.0,1,1.0,1
337,1,0.0,47,1.0,5.0,889,0.0,1,1.0,1
339,0,1.0,48,1.0,2.0,601,1.0,2,5.0,3
340,0,1.0,39,1.0,5.0,530,1.0,2,3.0,3
341,0,1.0,50,1.0,5.0,708,8.0,2,2.0,3
342,1,0.0,46,1.0,5.0,678,1.0,1,2.0,3
343,0,1.0,26,1.0,2.0,1744,8.0,2,2.0,0
345,1,1.0,36,1.0,5.0,1088,4.0,1,2.0,1
346,0,0.0,29,1.0,1.0,871,1.0,1,4.0,1
347,1,0.0,39,0.0,5.0,615,1.0,1,1.0,3
348,1,0.0,41,1.0,5.0,720,0.0,1,3.0,3
350,0,1.0,40,1.0,4.0,556,9.0,3,3.0,3
351,1,0.0,25,1.0,1.0,1506,4.0,1,3.0,2
352,1,1.0,41,1.0,5.0,1003,7.0,1,2.0,1
353,0,0.0,37,1.0,5.0,805,11.0,1,1.0,1
355,1,1.0,51,1.0,2.0,1621,0.0,2,3.0,0
356,0,1.0,73,1.0,4.0,514,1.0,2,3.0,3
358,0,0.0,39,1.0,4.0,1049,5.0,1,1.0,1
359,1,0.0,19,0.0,1.0,803,0.0,1,4.0,1
360,1,0.0,19,0.0,1.0,645,0.0,1,7.0,3
361,1,0.0,23,0.0,4.0,738,1.0,1,5.0,3
362,0,1.0,83,1.0,6.0,1514,0.0,3,2.0,2
363,1,1.0,62,1.0,5.0,626,1.0,3,2.0,3
364,1,0.0,43,1.0,5.0,517,9.0,1,4.0,3
365,1,0.0,27,0.0,5.0,877,0.0,1,5.0,1
366,0,0.0,50,1.0,5.0,674,0.0,1,1.0,3
367,1,0.0,23,0.0,4.0,1312,0.0,1,6.0,2
368,0,0.0,35,0.0,4.0,813,9.0,1,2.0,1
369,0,0.0,32,0.0,1.0,692,9.0,1,3.0,3
370,1,0.0,42,1.0,7.0,519,2.0,1,3.0,3
371,0,0.0,33,0.0,4.0,668,13.0,1,1.0,3
372,1,0.0,28,1.0,4.0,1085,9.0,1,3.0,1
374,1,0.0,35,1.0,1.0,1321,9.0,1,2.0,2
375,1,1.0,39,1.0,4.0,595,0.0,1,2.0,3
377,0,1.0,35,1.0,4.0,640,11.0,1,6.0,3
378,1,1.0,45,1.0,2.0,543,0.0,2,2.0,3
380,0,0.0,52,0.0,4.0,672,1.0,1,1.0,3
381,0,0.0,28,0.0,1.0,1670,0.0,1,3.0,0
382,0,1.0,38,1.0,1.0,541,9.0,1,3.0,3
383,1,0.0,42,1.0,4.0,539,8.0,1,1.0,3
385,1,0.0,27,1.0,1.0,516,7.0,1,2.0,3
386,0,1.0,41,1.0,5.0,620,0.0,1,2.0,3
387,0,1.0,41,1.0,5.0,599,1.0,1,2.0,3
388,0,1.0,47,1.0,6.0,851,0.0,3,4.0,1
389,0,0.0,35,1.0,7.0,1376,8.0,1,1.0,2
390,1,0.0,88,1.0,3.0,515,0.0,1,1.0,3
391,1,0.0,46,1.0,5.0,1425,6.0,1,1.0,2
392,1,1.0,41,1.0,5.0,568,3.0,1,2.0,3
393,1,0.0,30,1.0,7.0,658,10.0,1,5.0,3
394,0,1.0,43,1.0,7.0,618,12.0,1,2.0,3
395,1,0.0,29,1.0,4.0,1031,9.0,1,2.0,1
396,0,1.0,48,1.0,5.0,600,1.0,1,1.0,3
397,1,1.0,61,1.0,5.0,629,4.0,2,6.0,3
398,1,0.0,51,1.0,3.0,1559,2.0,1,1.0,0
399,1,0.0,38,1.0,5.0,546,2.0,1,1.0,3
401,1,0.0,43,1.0,1.0,869,9.0,1,1.0,1
402,0,0.0,27,0.0,1.0,1332,14.0,1,4.0,2
403,1,0.0,35,0.0,7.0,1447,14.0,1,6.0,2
404,1,1.0,39,0.0,7.0,1650,4.0,2,2.0,0
406,1,0.0,38,1.0,2.0,1319,10.0,1,1.0,2
407,1,0.0,30,1.0,4.0,1373,12.0,1,2.0,2
408,1,0.0,43,1.0,5.0,830,10.0,1,1.0,1
409,1,0.0,42,0.0,4.0,804,10.0,1,4.0,1
410,1,0.0,46,1.0,5.0,680,2.0,1,1.0,3
411,1,0.0,47,1.0,5.0,1095,11.0,1,2.0,1
412,1,0.0,32,0.0,4.0,594,13.0,1,5.0,3
413,1,1.0,53,1.0,5.0,749,11.0,2,2.0,3
415,1,0.0,39,1.0,5.0,1558,0.0,1,2.0,0
417,1,0.0,37,1.0,5.0,519,3.0,1,1.0,3
418,0,0.0,19,0.0,1.0,531,0.0,1,4.0,3
419,0,0.0,30,0.0,9.0,754,1.0,1,1.0,3
420,1,1.0,49,1.0,5.0,882,0.0,1,1.0,1
421,0,1.0,55,1.0,1.0,617,0.0,1,3.0,3
422,1,1.0,59,1.0,7.0,508,1.0,1,2.0,3
424,1,1.0,27,1.0,6.0,670,9.0,3,2.0,3
425,1,0.0,25,1.0,5.0,582,1.0,1,2.0,3
426,1,0.0,37,1.0,7.0,661,1.0,1,1.0,3
427,0,0.0,38,1.0,5.0,1477,9.0,1,3.0,2
428,0,0.0,29,1.0,4.0,766,9.0,1,3.0,1
429,0,0.0,28,1.0,5.0,1604,11.0,1,2.0,0
430,1,1.0,27,1.0,9.0,840,8.0,1,2.0,1
431,1,0.0,42,0.0,4.0,1329,3.0,1,2.0,2
432,1,0.0,43,1.0,5.0,560,14.0,1,2.0,3
433,1,1.0,40,1.0,1.0,543,8.0,2,2.0,3
434,0,0.0,41,1.0,5.0,1761,9.0,1,3.0,0
435,0,1.0,46,0.0,4.0,1375,8.0,1,1.0,2
436,1,0.0,32,1.0,1.0,1004,9.0,1,3.0,1
437,1,0.0,56,1.0,4.0,1004,1.0,1,1.0,1
438,0,0.0,28,1.0,9.0,743,12.0,1,1.0,3
439,1,0.0,25,1.0,5.0,601,0.0,1,3.0,3
440,0,1.0,42,1.0,5.0,601,6.0,1,7.0,3
441,1,0.0,41,1.0,4.0,511,5.0,1,2.0,3
442,0,1.0,36,1.0,1.0,675,3.0,1,2.0,3
443,1,0.0,42,1.0,5.0,1036,2.0,1,1.0,1
444,1,0.0,42,1.0,5.0,644,8.0,1,4.0,3
445,1,0.0,55,1.0,4.0,685,1.0,1,2.0,3
447,1,0.0,47,1.0,2.0,1526,1.0,1,1.0,2
449,1,0.0,26,1.0,5.0,861,8.0,1,1.0,1
450,1,0.0,28,0.0,5.0,804,5.0,1,2.0,1
451,1,0.0,37,1.0,7.0,1648,0.0,1,1.0,0
453,0,0.0,25,0.0,9.0,1009,2.0,1,1.0,1
454,0,1.0,50,1.0,6.0,525,1.0,3,4.0,3
455,1,0.0,42,1.0,7.0,663,5.0,1,1.0,3
458,1,0.0,30,0.0,2.0,742,1.0,1,5.0,3
459,0,1.0,26,0.0,4.0,1474,2.0,1,4.0,2
463,0,0.0,30,0.0,4.0,704,1.0,1,6.0,3
464,1,0.0,20,0.0,1.0,771,4.0,1,7.0,1
465,1,0.0,19,0.0,9.0,1791,8.0,1,5.0,0
466,0,0.0,19,0.0,1.0,1425,9.0,1,6.0,2
468,0,0.0,20,0.0,1.0,581,0.0,1,6.0,3
470,1,0.0,26,1.0,2.0,538,1.0,1,3.0,3
471,0,0.0,31,0.0,7.0,569,0.0,1,4.0,3
472,0,1.0,31,1.0,1.0,802,2.0,3,3.0,1
473,1,1.0,41,1.0,2.0,618,9.0,2,3.0,3
475,1,1.0,42,1.0,8.0,1098,0.0,2,3.0,1
477,0,1.0,78,0.0,3.0,1089,1.0,3,3.0,1
478,1,1.0,65,1.0,3.0,887,1.0,1,2.0,1
480,0,0.0,36,1.0,5.0,636,8.0,1,2.0,3
481,1,1.0,55,1.0,5.0,858,0.0,2,4.0,1
482,0,1.0,52,1.0,2.0,832,0.0,2,2.0,1
483,0,1.0,52,1.0,8.0,866,7.0,2,3.0,1
486,1,0.0,37,0.0,2.0,683,7.0,1,1.0,3
487,1,0.0,40,0.0,1.0,541,1.0,1,2.0,3
489,0,0.0,25,0.0,7.0,832,0.0,1,3.0,1
490,1,0.0,33,1.0,2.0,540,1.0,1,4.0,3
491,0,0.0,26,1.0,5.0,1007,1.0,1,1.0,1
492,1,0.0,28,0.0,4.0,650,0.0,1,1.0,3
493,0,0.0,18,0.0,9.0,624,0.0,1,6.0,3
494,0,0.0,52,0.0,4.0,783,0.0,1,3.0,1
495,0,0.0,26,1.0,1.0,841,0.0,1,2.0,1
496,0,0.0,18,0.0,1.0,1394,0.0,1,4.0,2
497,1,0.0,20,0.0,9.0,525,1.0,1,2.0,3
498,1,1.0,36,1.0,7.0,525,0.0,2,3.0,3
499,0,1.0,27,1.0,7.0,669,8.0,2,2.0,3
501,0,0.0,27,1.0,4.0,829,8.0,1,4.0,1
505,0,1.0,80,1.0,3.0,1536,1.0,1,2.0,0
506,1,1.0,71,1.0,3.0,1597,7.0,3,3.0,0
507,0,1.0,47,0.0,7.0,869,8.0,3,4.0,1
512,1,0.0,26,1.0,5.0,752,0.0,1,4.0,3
515,1,0.0,37,0.0,7.0,596,1.0,1,2.0,3
517,1,0.0,28,0.0,8.0,542,8.0,1,1.0,3
518,1,1.0,29,1.0,5.0,689,9.0,1,3.0,3
519,1,1.0,37,1.0,9.0,875,7.0,2,3.0,1
522,1,0.0,33,0.0,8.0,865,8.0,1,1.0,1
524,1,0.0,32,0.0,7.0,875,6.0,1,2.0,1
526,1,1.0,48,1.0,8.0,885,9.0,2,2.0,1
527,1,0.0,27,0.0,8.0,538,8.0,1,1.0,3
528,1,0.0,49,1.0,5.0,1380,1.0,1,1.0,2
529,1,1.0,33,1.0,2.0,505,8.0,2,5.0,3
530,1,0.0,33,0.0,2.0,547,7.0,1,6.0,3
531,0,1.0,39,1.0,5.0,1361,0.0,1,3.0,2
532,0,1.0,50,1.0,4.0,1725,0.0,2,4.0,0
534,1,1.0,46,1.0,5.0,682,0.0,2,2.0,3
535,0,1.0,31,0.0,4.0,715,0.0,2,3.0,3
536,0,1.0,57,1.0,5.0,1369,3.0,2,2.0,2
537,0,1.0,73,0.0,6.0,1500,1.0,3,4.0,2
538,0,1.0,36,1.0,4.0,613,9.0,1,4.0,3
539,0,0.0,53,1.0,9.0,700,2.0,1,4.0,3
542,0,1.0,35,1.0,5.0,631,2.0,2,3.0,3
543,0,1.0,62,1.0,5.0,575,0.0,2,3.0,3
544,0,0.0,23,0.0,9.0,725,0.0,1,3.0,3
545,0,0.0,51,1.0,5.0,725,1.0,1,2.0,3
546,1,1.0,83,0.0,3.0,1680,1.0,3,2.0,0
547,1,0.0,26,1.0,1.0,557,0.0,1,2.0,3
548,0,1.0,86,1.0,3.0,715,1.0,1,1.0,3
549,0,0.0,26,1.0,1.0,589,0.0,1,4.0,3
550,0,1.0,42,1.0,6.0,721,0.0,1,3.0,3
551,1,1.0,41,1.0,8.0,1409,9.0,1,1.0,2
552,0,1.0,67,0.0,3.0,501,0.0,1,3.0,3
553,0,1.0,68,1.0,3.0,765,1.0,3,2.0,1
554,1,1.0,45,0.0,2.0,871,0.0,3,2.0,1
555,1,1.0,86,0.0,3.0,521,0.0,3,2.0,3
556,0,1.0,62,1.0,5.0,1685,0.0,3,2.0,0
557,0,1.0,42,1.0,5.0,600,1.0,1,2.0,3
558,0,0.0,26,1.0,7.0,828,0.0,1,3.0,1
559,0,0.0,48,0.0,4.0,630,1.0,1,1.0,3
560,0,1.0,40,0.0,4.0,644,3.0,2,5.0,3
561,0,0.0,20,0.0,1.0,1080,0.0,1,4.0,1
562,1,0.0,25,1.0,5.0,766,1.0,1,1.0,1
564,0,1.0,77,1.0,3.0,888,1.0,1,1.0,1
566,1,0.0,22,0.0,9.0,619,0.0,1,4.0,3
567,0,0.0,26,1.0,5.0,1742,1.0,1,3.0,0
568,0,1.0,71,0.0,7.0,870,0.0,2,3.0,1
570,0,0.0,29,0.0,4.0,605,1.0,1,1.0,3
572,0,1.0,52,1.0,5.0,541,6.0,2,4.0,3
573,0,0.0,20,0.0,1.0,557,1.0,1,3.0,3
574,0,0.0,26,1.0,7.0,625,0.0,1,9.0,3
577,1,1.0,39,1.0,5.0,597,0.0,1,2.0,3
578,1,1.0,53,0.0,5.0,872,1.0,2,5.0,1
579,0,1.0,49,0.0,4.0,1086,0.0,2,4.0,1
580,0,0.0,21,0.0,1.0,764,0.0,1,2.0,1
581,0,1.0,39,0.0,8.0,566,8.0,1,1.0,3
582,1,1.0,38,0.0,5.0,777,2.0,2,4.0,1
583,0,0.0,22,0.0,1.0,1470,4.0,1,4.0,2
584,0,1.0,52,0.0,5.0,776,2.0,2,4.0,1
586,0,0.0,20,0.0,7.0,1477,8.0,1,3.0,2
587,0,0.0,41,1.0,6.0,1086,1.0,1,3.0,1
588,0,0.0,30,1.0,5.0,882,1.0,1,1.0,1
589,1,1.0,89,1.0,3.0,878,1.0,3,3.0,1
590,0,1.0,83,0.0,3.0,603,1.0,3,3.0,3
591,0,1.0,53,1.0,5.0,703,0.0,2,3.0,3
592,0,0.0,31,0.0,7.0,1507,1.0,1,5.0,2
593,0,1.0,48,1.0,5.0,1326,1.0,2,4.0,2
594,1,0.0,29,0.0,7.0,1502,0.0,1,2.0,2
595,0,1.0,87,1.0,3.0,1548,0.0,1,1.0,0
596,0,0.0,19,0.0,2.0,739,4.0,1,7.0,3
597,0,1.0,60,0.0,4.0,679,1.0,1,2.0,3
598,0,0.0,23,0.0,1.0,719,1.0,1,2.0,3
599,0,1.0,61,1.0,6.0,877,9.0,3,4.0,1
600,1,0.0,27,1.0,5.0,1353,1.0,1,3.0,2
601,0,1.0,32,0.0,7.0,1353,14.0,2,2.0,2
603,0,0.0,19,0.0,1.0,1011,1.0,1,4.0,1
604,0,1.0,42,1.0,6.0,1422,0.0,3,3.0,2
605,0,1.0,76,0.0,3.0,875,1.0,1,1.0,1
606,1,1.0,41,0.0,9.0,565,1.0,2,2.0,3
607,0,1.0,38,1.0,4.0,1520,0.0,2,4.0,2
608,0,1.0,43,1.0,4.0,559,0.0,2,3.0,3
609,0,0.0,19,0.0,1.0,1396,1.0,1,3.0,2
610,1,0.0,28,1.0,1.0,647,1.0,1,3.0,3
611,0,1.0,56,1.0,5.0,502,0.0,2,4.0,3
612,0,0.0,28,1.0,2.0,1004,0.0,1,3.0,1
613,0,1.0,60,0.0,9.0,830,1.0,3,2.0,1
615,0,1.0,35,1.0,4.0,804,1.0,2,2.0,1
616,0,0.0,25,0.0,1.0,552,5.0,1,5.0,3
617,0,1.0,71,1.0,5.0,1020,1.0,1,1.0,1
619,0,1.0,74,1.0,3.0,515,1.0,1,1.0,3
620,1,0.0,20,0.0,1.0,787,5.0,1,4.0,1
621,0,1.0,43,0.0,4.0,874,9.0,1,2.0,1
622,1,0.0,20,0.0,9.0,775,3.0,1,6.0,1
624,1,1.0,46,1.0,2.0,1369,0.0,3,5.0,2
625,1,1.0,65,0.0,3.0,820,1.0,3,7.0,1
627,0,1.0,50,0.0,1.0,1079,1.0,1,7.0,1
628,0,0.0,18,0.0,1.0,524,0.0,1,5.0,3
629,1,1.0,61,1.0,7.0,1068,1.0,1,7.0,1
632,1,1.0,52,0.0,3.0,635,1.0,3,2.0,3
633,0,1.0,56,1.0,6.0,691,0.0,3,5.0,3
635,0,1.0,42,0.0,2.0,854,1.0,2,5.0,1
636,1,0.0,33,0.0,8.0,895,0.0,1,6.0,1
637,0,0.0,19,0.0,1.0,639,8.0,1,4.0,3
638,1,0.0,27,0.0,2.0,1356,1.0,1,1.0,2
639,1,1.0,38,1.0,5.0,679,1.0,2,4.0,3
640,1,0.0,38,0.0,5.0,735,1.0,1,4.0,3
641,1,1.0,43,1.0,7.0,735,8.0,1,1.0,3
642,0,1.0,53,1.0,5.0,839,1.0,2,4.0,1
643,0,1.0,33,0.0,6.0,899,4.0,3,4.0,1
645,1,0.0,22,0.0,1.0,1435,6.0,1,3.0,2
646,0,0.0,33,0.0,7.0,592,0.0,1,4.0,3
647,0,0.0,21,0.0,1.0,1054,1.0,1,8.0,1
648,0,0.0,20,0.0,1.0,898,1.0,1,5.0,1
649,0,0.0,19,0.0,1.0,1090,7.0,1,3.0,1
650,1,1.0,58,1.0,4.0,1397,1.0,2,4.0,2
652,1,1.0,36,1.0,4.0,577,1.0,1,2.0,3
654,0,0.0,23,0.0,8.0,1495,1.0,1,4.0,2
656,1,0.0,37,0.0,9.0,1391,8.0,1,3.0,2
657,1,1.0,58,0.0,4.0,615,9.0,1,4.0,3
658,1,1.0,26,0.0,2.0,600,7.0,2,2.0,3
659,0,0.0,39,1.0,4.0,541,9.0,1,2.0,3
661,0,1.0,41,0.0,6.0,1451,8.0,2,4.0,2
662,0,1.0,26,0.0,4.0,843,0.0,1,3.0,1
663,1,1.0,25,0.0,2.0,1382,3.0,1,3.0,2
665,0,0.0,36,0.0,6.0,788,0.0,1,5.0,1
666,0,0.0,29,0.0,1.0,642,9.0,1,4.0,3
667,0,0.0,26,0.0,9.0,679,1.0,1,1.0,3
671,1,0.0,46,1.0,4.0,603,0.0,1,1.0,3
672,0,0.0,29,0.0,1.0,1444,0.0,1,4.0,2
673,1,0.0,36,1.0,5.0,1004,10.0,1,1.0,1
674,0,1.0,27,0.0,6.0,1397,1.0,1,6.0,2
675,1,0.0,29,0.0,6.0,597,8.0,1,3.0,3
676,1,0.0,25,0.0,9.0,518,1.0,1,4.0,3
677,1,0.0,30,0.0,9.0,752,10.0,1,6.0,3
682,1,0.0,28,1.0,1.0,1303,9.0,1,1.0,2
683,0,0.0,33,1.0,7.0,678,1.0,1,5.0,3
684,0,1.0,31,1.0,1.0,532,7.0,1,2.0,3
685,0,1.0,45,1.0,1.0,504,0.0,1,2.0,3
686,0,1.0,47,1.0,9.0,862,0.0,1,5.0,1
687,1,0.0,39,0.0,1.0,1674,0.0,1,1.0,0
689,1,1.0,53,1.0,7.0,847,0.0,1,1.0,1
690,0,0.0,27,0.0,7.0,850,1.0,1,4.0,1
691,0,1.0,37,1.0,2.0,1490,1.0,2,2.0,2
692,1,1.0,62,1.0,5.0,777,1.0,2,3.0,1
693,1,0.0,29,0.0,2.0,1052,0.0,1,7.0,1
694,1,1.0,51,1.0,5.0,729,0.0,1,1.0,3
695,0,0.0,30,0.0,9.0,847,1.0,1,6.0,1
696,0,0.0,18,0.0,4.0,565,0.0,1,4.0,3
698,0,1.0,68,1.0,9.0,614,0.0,1,2.0,3
699,0,1.0,84,1.0,3.0,1442,5.0,1,1.0,2
700,0,0.0,22,0.0,1.0,862,2.0,1,9.0,1
701,1,0.0,22,0.0,7.0,661,2.0,1,4.0,3
702,0,0.0,21,0.0,1.0,878,1.0,1,3.0,1
704,0,1.0,73,0.0,3.0,708,0.0,3,2.0,3
705,1,1.0,75,1.0,3.0,590,0.0,3,2.0,3
706,1,0.0,20,0.0,7.0,1542,6.0,1,4.0,0
707,0,0.0,22,0.0,1.0,570,1.0,1,2.0,3
708,1,0.0,22,0.0,1.0,1472,0.0,1,4.0,2
710,0,1.0,46,1.0,5.0,627,1.0,2,3.0,3
711,0,1.0,58,0.0,5.0,1019,0.0,2,2.0,1
712,1,0.0,41,1.0,5.0,890,1.0,1,3.0,1
713,0,1.0,42,1.0,5.0,1424,0.0,2,2.0,2
714,1,1.0,43,1.0,1.0,590,6.0,2,2.0,3
715,1,0.0,49,1.0,5.0,751,3.0,1,1.0,3
716,1,0.0,40,1.0,5.0,586,0.0,1,1.0,3
717,0,1.0,53,0.0,6.0,877,8.0,3,2.0,1
718,0,1.0,36,1.0,5.0,873,4.0,2,2.0,1
719,0,1.0,50,1.0,5.0,831,8.0,1,2.0,1
720,0,1.0,42,1.0,1.0,1423,1.0,1,1.0,2
721,0,0.0,30,0.0,1.0,760,0.0,1,4.0,1
722,0,0.0,29,0.0,1.0,1647,2.0,1,5.0,0
723,0,0.0,28,1.0,4.0,705,1.0,1,2.0,3
724,0,0.0,27,1.0,1.0,770,1.0,1,4.0,1
725,0,0.0,49,1.0,5.0,1301,0.0,1,1.0,2
726,0,0.0,32,1.0,1.0,1594,1.0,1,1.0,0
727,0,0.0,25,1.0,7.0,1555,1.0,1,3.0,0
729,1,0.0,42,1.0,5.0,503,8.0,1,1.0,3
731,0,1.0,71,1.0,5.0,867,0.0,3,2.0,1
733,0,0.0,22,0.0,1.0,627,1.0,1,4.0,3
734,1,0.0,29,1.0,4.0,846,1.0,1,5.0,1
735,0,1.0,47,1.0,9.0,1334,0.0,1,3.0,2
737,0,0.0,32,1.0,5.0,862,1.0,1,3.0,1
738,0,1.0,47,1.0,5.0,1659,7.0,2,2.0,0
739,0,0.0,46,1.0,5.0,669,0.0,1,1.0,3
740,1,1.0,41,1.0,5.0,1534,1.0,2,2.0,0
741,0,1.0,37,1.0,4.0,1679,0.0,2,2.0,0
742,0,1.0,40,1.0,5.0,687,0.0,2,2.0,3
743,0,1.0,60,1.0,5.0,1615,0.0,2,4.0,0
744,0,1.0,46,1.0,5.0,819,0.0,2,6.0,1
745,1,1.0,36,1.0,5.0,729,6.0,3,4.0,3
746,1,0.0,38,0.0,9.0,632,0.0,1,1.0,3
747,1,1.0,32,0.0,7.0,709,0.0,1,5.0,3
748,1,0.0,41,1.0,5.0,614,5.0,1,1.0,3
749,0,1.0,56,1.0,9.0,515,0.0,1,3.0,3
750,0,1.0,31,1.0,5.0,876,8.0,2,2.0,1
751,0,1.0,45,0.0,5.0,897,0.0,1,2.0,1
753,0,1.0,37,1.0,5.0,1002,0.0,1,2.0,1
754,0,1.0,47,1.0,5.0,760,1.0,2,4.0,1
755,1,1.0,52,1.0,5.0,630,1.0,2,3.0,3
756,1,1.0,57,1.0,5.0,1500,1.0,3,3.0,2
757,1,0.0,50,1.0,5.0,1750,9.0,1,1.0,0
758,0,1.0,27,0.0,2.0,608,0.0,2,2.0,3
759,1,1.0,45,1.0,2.0,689,1.0,3,3.0,3
760,1,0.0,30,1.0,5.0,887,8.0,1,2.0,1
761,0,1.0,45,1.0,5.0,685,0.0,1,2.0,3
762,0,0.0,30,0.0,1.0,1050,1.0,1,4.0,1
763,0,1.0,31,1.0,4.0,1478,1.0,2,3.0,2
764,1,1.0,45,1.0,5.0,661,1.0,2,4.0,3
765,0,1.0,67,1.0,5.0,1728,0.0,3,2.0,0
766,0,1.0,76,0.0,6.0,759,1.0,3,2.0,1
767,0,1.0,69,1.0,4.0,758,0.0,1,2.0,1
768,0,1.0,83,0.0,4.0,1740,0.0,1,2.0,0
769,0,1.0,38,1.0,2.0,830,0.0,1,2.0,1
770,0,1.0,36,1.0,5.0,1504,0.0,1,1.0,2
772,1,1.0,69,0.0,3.0,519,0.0,1,3.0,3
773,1,0.0,33,1.0,2.0,669,0.0,1,3.0,3
774,0,0.0,38,1.0,5.0,645,1.0,1,3.0,3
775,1,1.0,48,1.0,2.0,559,1.0,2,2.0,3
776,0,1.0,51,1.0,2.0,617,2.0,2,2.0,3
777,0,1.0,56,1.0,6.0,1752,1.0,3,2.0,0
778,0,1.0,57,1.0,5.0,783,0.0,2,3.0,1
779,1,1.0,49,1.0,5.0,774,1.0,2,3.0,1
780,0,0.0,30,1.0,1.0,850,0.0,1,3.0,1
781,1,1.0,40,1.0,7.0,678,8.0,2,2.0,3
783,0,1.0,38,0.0,4.0,523,0.0,2,2.0,3
784,1,0.0,31,1.0,1.0,537,8.0,1,5.0,3
785,0,0.0,33,1.0,7.0,693,0.0,1,2.0,3
786,0,0.0,50,1.0,5.0,729,0.0,1,2.0,3
789,0,1.0,73,1.0,6.0,675,0.0,3,2.0,3
790,0,1.0,46,1.0,5.0,1011,0.0,2,3.0,1
791,0,1.0,50,1.0,5.0,549,0.0,1,2.0,3
792,0,0.0,30,0.0,1.0,605,0.0,1,6.0,3
793,1,1.0,60,1.0,7.0,865,0.0,2,2.0,1
794,1,1.0,39,1.0,8.0,1072,9.0,2,2.0,1
795,1,1.0,59,1.0,5.0,1402,1.0,2,2.0,2
796,1,1.0,51,1.0,5.0,761,0.0,2,2.0,1
797,1,1.0,40,1.0,5.0,1310,5.0,2,2.0,2
798,0,0.0,23,0.0,1.0,695,1.0,1,3.0,3
799,0,1.0,53,1.0,5.0,1600,4.0,2,4.0,0
800,0,0.0,32,0.0,1.0,553,7.0,1,5.0,3
801,0,1.0,52,1.0,6.0,553,0.0,3,4.0,3
802,1,0.0,31,1.0,2.0,717,0.0,1,1.0,3
803,0,0.0,30,1.0,1.0,527,3.0,1,4.0,3
804,0,0.0,25,1.0,1.0,846,8.0,1,3.0,1
805,0,1.0,40,1.0,6.0,859,1.0,3,4.0,1
806,1,0.0,27,1.0,1.0,619,4.0,1,4.0,3
807,0,1.0,61,1.0,5.0,795,0.0,1,2.0,1
808,1,0.0,33,1.0,2.0,829,1.0,1,1.0,1
809,0,0.0,28,1.0,7.0,1380,1.0,1,4.0,2
810,1,1.0,48,1.0,5.0,506,2.0,2,2.0,3
811,1,1.0,73,1.0,5.0,1306,0.0,3,2.0,2
812,0,1.0,36,0.0,5.0,1437,0.0,2,2.0,2
813,1,0.0,32,0.0,1.0,788,0.0,1,4.0,1
814,0,1.0,82,0.0,3.0,1487,0.0,3,2.0,2
815,0,0.0,28,1.0,5.0,765,1.0,1,3.0,1
816,1,0.0,42,1.0,5.0,543,8.0,1,3.0,3
817,1,1.0,60,1.0,3.0,543,6.0,3,9.0,3
818,1,0.0,46,1.0,5.0,1474,1.0,1,1.0,2
819,0,0.0,31,0.0,7.0,809,0.0,1,3.0,1
820,1,1.0,50,1.0,5.0,692,1.0,1,1.0,3
821,1,0.0,30,1.0,2.0,789,3.0,1,1.0,1
822,1,0.0,49,1.0,5.0,605,1.0,1,3.0,3
823,1,1.0,51,1.0,7.0,697,0.0,2,6.0,3
825,0,1.0,53,1.0,5.0,697,0.0,2,4.0,3
826,0,1.0,65,1.0,5.0,514,0.0,3,2.0,3
827,1,0.0,22,0.0,1.0,1539,0.0,1,5.0,0
828,0,1.0,65,1.0,7.0,696,1.0,2,3.0,3
829,1,1.0,39,1.0,2.0,549,0.0,2,2.0,3
830,0,1.0,84,1.0,5.0,1541,0.0,3,2.0,0
831,0,0.0,37,1.0,5.0,722,0.0,1,1.0,3
832,0,1.0,28,1.0,7.0,1792,8.0,2,2.0,0
833,1,1.0,82,0.0,3.0,1045,0.0,3,2.0,1
834,1,1.0,87,1.0,3.0,1319,0.0,3,2.0,2
835,1,0.0,69,1.0,3.0,856,1.0,1,5.0,1
837,1,1.0,74,1.0,3.0,614,1.0,1,1.0,3
838,1,1.0,79,1.0,3.0,1307,1.0,3,2.0,2
839,1,0.0,21,0.0,3.0,805,9.0,1,1.0,1
840,1,0.0,20,0.0,1.0,807,5.0,1,5.0,1
841,1,0.0,43,1.0,7.0,846,3.0,1,1.0,1
842,1,0.0,25,0.0,1.0,1368,1.0,1,3.0,2
843,0,0.0,43,1.0,5.0,525,0.0,1,4.0,3
844,1,0.0,42,1.0,5.0,894,1.0,1,1.0,1
845,0,0.0,25,1.0,7.0,900,10.0,1,4.0,1
846,0,1.0,59,1.0,5.0,671,0.0,1,1.0,3
847,1,0.0,49,1.0,9.0,1058,0.0,1,5.0,1
848,1,0.0,32,0.0,7.0,874,1.0,1,4.0,1
849,0,1.0,36,1.0,5.0,866,8.0,3,2.0,1
850,0,1.0,45,1.0,9.0,866,9.0,1,3.0,1
852,0,1.0,37,1.0,5.0,1053,0.0,1,2.0,1
853,1,1.0,48,1.0,7.0,1339,1.0,2,4.0,2
854,1,0.0,65,1.0,5.0,660,0.0,1,2.0,3
855,0,0.0,39,0.0,9.0,1077,1.0,1,2.0,1
856,0,0.0,25,0.0,4.0,1530,1.0,1,7.0,2
857,1,1.0,49,0.0,5.0,709,5.0,1,5.0,3
858,1,1.0,77,1.0,3.0,857,1.0,3,2.0,1
859,1,0.0,38,1.0,5.0,848,9.0,1,1.0,1
860,0,0.0,19,1.0,9.0,1099,0.0,1,6.0,1
861,1,1.0,76,1.0,3.0,790,1.0,3,2.0,1
862,0,0.0,28,1.0,7.0,572,0.0,1,4.0,3
863,0,1.0,51,1.0,7.0,1791,1.0,2,3.0,0
864,1,0.0,28,1.0,7.0,743,0.0,1,5.0,3
865,1,0.0,42,1.0,1.0,615,0.0,1,1.0,3
866,0,1.0,45,1.0,5.0,1354,1.0,1,1.0,2
867,0,1.0,63,1.0,6.0,774,6.0,3,3.0,1
868,1,0.0,18,0.0,7.0,841,0.0,1,6.0,1
869,0,0.0,26,1.0,5.0,785,7.0,1,4.0,1
871,0,0.0,43,1.0,4.0,620,5.0,1,4.0,3
873,1,0.0,36,1.0,5.0,881,0.0,1,1.0,1
874,0,0.0,32,0.0,1.0,599,1.0,1,4.0,3
876,0,1.0,60,1.0,4.0,638,1.0,1,1.0,3
877,1,0.0,42,1.0,5.0,684,0.0,1,1.0,3
878,1,0.0,18,0.0,1.0,819,6.0,1,5.0,1
879,0,1.0,69,0.0,3.0,1532,0.0,3,2.0,0
881,1,1.0,70,1.0,5.0,656,1.0,1,1.0,3
882,0,0.0,25,1.0,1.0,1382,1.0,1,3.0,2
883,0,1.0,56,1.0,4.0,869,1.0,2,3.0,1
884,1,0.0,40,1.0,5.0,1507,9.0,1,1.0,2
885,0,0.0,23,0.0,1.0,524,1.0,1,6.0,3
886,1,0.0,20,0.0,9.0,635,3.0,1,4.0,3
887,1,0.0,39,1.0,4.0,1374,2.0,1,1.0,2
888,1,0.0,19,0.0,1.0,1656,0.0,1,4.0,0
890,0,1.0,40,0.0,2.0,678,1.0,2,2.0,3
892,0,0.0,33,0.0,1.0,718,3.0,1,4.0,3
893,0,1.0,20,0.0,7.0,675,14.0,1,2.0,3
894,1,0.0,35,0.0,5.0,1358,7.0,1,4.0,2
895,0,0.0,27,1.0,7.0,610,0.0,1,5.0,3
896,1,1.0,42,1.0,5.0,746,1.0,2,2.0,3
897,0,1.0,30,0.0,9.0,1001,0.0,1,4.0,1
898,1,1.0,56,1.0,6.0,1050,0.0,2,2.0,1
899,0,1.0,28,1.0,4.0,804,0.0,2,2.0,1
900,1,1.0,38,1.0,5.0,1066,6.0,2,2.0,1
901,0,0.0,26,1.0,4.0,1323,9.0,1,1.0,2
902,0,0.0,36,0.0,2.0,597,0.0,1,1.0,3
903,0,0.0,56,0.0,4.0,597,0.0,1,1.0,3
904,0,0.0,26,1.0,4.0,827,0.0,1,1.0,1
905,0,0.0,28,1.0,5.0,835,4.0,1,4.0,1
906,0,0.0,32,0.0,1.0,590,0.0,1,5.0,3
907,1,0.0,52,1.0,5.0,535,4.0,1,1.0,3
908,1,0.0,23,0.0,1.0,776,0.0,1,4.0,1
910,0,1.0,50,1.0,5.0,575,0.0,1,2.0,3
912,0,1.0,40,1.0,4.0,1641,8.0,1,2.0,0
913,1,1.0,53,1.0,5.0,565,1.0,2,2.0,3
914,0,1.0,63,1.0,5.0,816,0.0,2,3.0,1
915,0,1.0,62,1.0,6.0,1722,0.0,3,3.0,0
916,1,0.0,38,1.0,5.0,631,1.0,1,1.0,3
917,1,1.0,57,0.0,5.0,509,1.0,2,2.0,3
918,1,0.0,43,1.0,5.0,513,9.0,1,1.0,3
919,0,0.0,21,0.0,9.0,1658,1.0,1,3.0,0
920,0,0.0,22,0.0,1.0,1051,0.0,1,5.0,1
921,0,1.0,68,1.0,5.0,552,1.0,1,1.0,3
922,1,0.0,28,1.0,1.0,540,0.0,1,1.0,3
923,0,1.0,33,1.0,5.0,527,0.0,2,2.0,3
924,1,0.0,38,1.0,5.0,546,8.0,1,1.0,3
925,0,0.0,23,0.0,1.0,896,0.0,1,5.0,1
928,1,0.0,39,1.0,7.0,672,4.0,1,1.0,3
929,1,1.0,49,0.0,4.0,1517,9.0,3,2.0,2
931,0,1.0,79,0.0,3.0,523,0.0,1,1.0,3
932,0,1.0,38,1.0,5.0,1594,6.0,2,4.0,0
933,0,0.0,21,0.0,1.0,887,1.0,1,4.0,1
934,1,1.0,68,1.0,7.0,532,0.0,2,2.0,3
935,0,0.0,31,1.0,5.0,696,0.0,1,3.0,3
936,0,1.0,46,0.0,5.0,846,1.0,1,3.0,1
937,0,1.0,35,1.0,5.0,673,9.0,2,2.0,3
938,1,0.0,42,1.0,5.0,517,8.0,1,3.0,3
939,0,1.0,87,0.0,3.0,764,0.0,1,1.0,1
940,1,0.0,38,1.0,5.0,823,8.0,1,1.0,1
941,1,1.0,88,0.0,3.0,680,2.0,3,1.0,3
942,1,0.0,42,1.0,5.0,624,9.0,1,1.0,3
943,1,1.0,26,1.0,5.0,1094,4.0,2,2.0,1
944,0,1.0,35,1.0,6.0,1006,0.0,3,3.0,1
945,1,1.0,41,0.0,2.0,683,3.0,3,2.0,3
946,0,1.0,37,1.0,7.0,748,1.0,2,2.0,3
947,1,1.0,41,1.0,2.0,604,8.0,2,4.0,3
949,1,0.0,33,1.0,9.0,898,0.0,1,9.0,1
950,1,1.0,61,1.0,2.0,797,2.0,2,4.0,1
951,1,0.0,19,0.0,7.0,757,1.0,1,3.0,1
952,1,0.0,50,1.0,5.0,640,4.0,1,1.0,3
953,1,1.0,48,0.0,2.0,1409,0.0,2,4.0,2
954,0,1.0,57,0.0,9.0,632,1.0,2,3.0,3
955,1,1.0,72,0.0,2.0,635,1.0,2,3.0,3
957,1,1.0,49,1.0,7.0,887,0.0,1,3.0,1
958,1,0.0,41,1.0,4.0,756,0.0,1,4.0,3
959,0,1.0,65,0.0,6.0,1552,2.0,3,7.0,0
960,1,0.0,22,0.0,9.0,628,0.0,1,3.0,3
961,1,0.0,23,0.0,1.0,1059,0.0,1,4.0,1
962,1,1.0,41,0.0,5.0,613,0.0,1,1.0,3
963,1,1.0,42,1.0,2.0,509,0.0,1,3.0,3
964,0,0.0,18,0.0,1.0,817,0.0,1,3.0,1
965,0,1.0,49,0.0,7.0,1514,1.0,1,2.0,2
966,1,1.0,40,0.0,7.0,502,0.0,1,2.0,3
967,0,1.0,50,0.0,6.0,1468,1.0,2,5.0,2
968,1,0.0,19,0.0,1.0,843,6.0,1,3.0,1
969,0,0.0,22,0.0,1.0,1616,0.0,1,6.0,0
971,0,0.0,27,1.0,5.0,525,4.0,1,6.0,3
972,0,1.0,55,0.0,6.0,781,0.0,3,8.0,1
975,0,1.0,80,0.0,3.0,609,0.0,3,2.0,3
976,0,1.0,43,0.0,6.0,616,0.0,1,4.0,3
977,1,1.0,79,0.0,3.0,1377,1.0,3,2.0,2
978,0,0.0,25,0.0,4.0,623,1.0,1,3.0,3
979,1,1.0,58,1.0,8.0,1662,0.0,2,4.0,0
981,0,1.0,76,1.0,3.0,804,1.0,1,2.0,1
982,0,0.0,27,0.0,1.0,1599,1.0,1,3.0,0
983,0,1.0,47,1.0,5.0,557,1.0,2,3.0,3
984,0,1.0,43,1.0,5.0,847,1.0,2,2.0,1
985,0,0.0,31,1.0,1.0,537,1.0,1,4.0,3
986,0,0.0,27,0.0,1.0,731,0.0,1,7.0,3
987,0,0.0,31,1.0,1.0,626,0.0,1,4.0,3
988,0,1.0,46,1.0,5.0,1544,1.0,1,2.0,0
989,0,1.0,48,1.0,6.0,693,1.0,2,4.0,3
991,0,1.0,57,0.0,7.0,601,0.0,2,2.0,3
992,1,0.0,30,1.0,7.0,1350,0.0,1,1.0,2
994,1,0.0,31,1.0,5.0,1522,14.0,1,2.0,2
995,0,1.0,49,1.0,5.0,866,1.0,2,3.0,1
996,0,1.0,56,1.0,5.0,552,1.0,1,4.0,3
997,0,1.0,83,0.0,3.0,649,8.0,3,2.0,3
999,0,1.0,63,1.0,5.0,630,5.0,2,4.0,3
1000,1,1.0,71,1.0,7.0,700,1.0,2,2.0,3
1001,0,1.0,50,0.0,5.0,536,0.0,1,4.0,3
1002,0,0.0,31,1.0,5.0,821,4.0,1,5.0,1
1003,0,1.0,60,0.0,4.0,1053,0.0,2,6.0,1
1004,1,1.0,71,1.0,3.0,849,8.0,3,2.0,1
1005,0,1.0,49,1.0,7.0,691,0.0,2,6.0,3
1006,0,1.0,74,1.0,3.0,1093,9.0,1,1.0,1
1007,0,1.0,51,1.0,5.0,657,1.0,2,6.0,3
1009,0,0.0,46,1.0,2.0,880,0.0,1,3.0,1
1010,0,1.0,39,0.0,7.0,649,2.0,2,2.0,3
1011,0,1.0,85,1.0,3.0,1394,1.0,3,2.0,2
1012,1,1.0,31,1.0,5.0,551,1.0,2,2.0,3
1013,0,1.0,39,1.0,6.0,532,4.0,3,3.0,3
1014,1,1.0,48,0.0,7.0,1474,1.0,3,2.0,2
1015,0,1.0,71,1.0,3.0,656,0.0,3,2.0,3
1017,1,0.0,32,1.0,1.0,591,0.0,1,5.0,3
1018,1,1.0,55,0.0,2.0,1001,0.0,1,1.0,1
1019,0,1.0,46,1.0,5.0,1567,0.0,3,2.0,0
1021,0,1.0,50,1.0,5.0,611,0.0,2,4.0,3
1022,0,0.0,45,1.0,5.0,882,1.0,1,1.0,1
1023,0,1.0,33,0.0,6.0,868,1.0,2,2.0,1
1024,1,1.0,29,0.0,2.0,733,5.0,1,2.0,3
1025,0,0.0,35,1.0,5.0,510,8.0,1,1.0,3
1026,0,0.0,25,0.0,7.0,685,1.0,1,1.0,3
1027,0,0.0,26,1.0,1.0,1568,0.0,1,3.0,0
1028,0,0.0,48,1.0,5.0,626,1.0,1,2.0,3
1029,0,1.0,66,0.0,3.0,1324,0.0,3,3.0,2
1030,1,1.0,38,0.0,5.0,626,0.0,1,3.0,3
1031,0,1.0,65,1.0,4.0,670,2.0,2,3.0,3
1032,0,1.0,87,0.0,3.0,1584,1.0,1,1.0,0
1033,0,0.0,20,0.0,1.0,1437,1.0,1,3.0,2
1034,0,0.0,19,0.0,1.0,845,0.0,1,4.0,1
1035,0,0.0,22,0.0,1.0,811,9.0,1,4.0,1
1037,0,0.0,18,0.0,9.0,1530,1.0,1,9.0,2
1039,0,0.0,19,0.0,1.0,679,1.0,1,3.0,3
1040,0,0.0,22,0.0,1.0,780,0.0,1,8.0,1
1041,0,0.0,31,0.0,1.0,633,4.0,1,4.0,3
1042,0,1.0,63,0.0,5.0,543,0.0,2,2.0,3
1043,0,0.0,43,1.0,5.0,641,1.0,1,1.0,3
1045,1,1.0,39,0.0,2.0,790,0.0,1,2.0,1
1046,0,0.0,31,1.0,1.0,1697,1.0,1,5.0,0
1047,0,0.0,31,1.0,5.0,1306,0.0,1,5.0,2
1048,0,1.0,43,0.0,5.0,581,0.0,2,4.0,3
1049,0,1.0,52,0.0,5.0,668,0.0,2,3.0,3
1050,1,1.0,63,1.0,7.0,774,0.0,2,3.0,1
1051,0,1.0,51,1.0,6.0,1412,1.0,3,4.0,2
1052,0,1.0,35,1.0,1.0,699,1.0,1,7.0,3
1054,1,1.0,39,1.0,8.0,695,9.0,3,4.0,3
1055,1,0.0,25,0.0,1.0,610,1.0,1,6.0,3
1056,0,0.0,20,0.0,1.0,897,0.0,1,5.0,1
1057,1,0.0,33,0.0,8.0,527,9.0,1,1.0,3
1058,0,1.0,36,0.0,6.0,1427,0.0,2,5.0,2
1060,1,1.0,42,1.0,5.0,806,1.0,2,2.0,1
1061,1,1.0,52,1.0,5.0,1506,2.0,2,5.0,2
1062,1,1.0,42,1.0,2.0,614,1.0,1,2.0,3
1064,1,0.0,30,1.0,4.0,726,1.0,1,3.0,3
1065,1,1.0,73,1.0,3.0,693,1.0,3,2.0,3
1066,0,1.0,66,1.0,2.0,1328,3.0,3,2.0,2
1067,1,1.0,62,1.0,5.0,1328,9.0,2,5.0,2
1068,1,1.0,36,1.0,5.0,622,4.0,1,1.0,3
1069,0,0.0,33,0.0,2.0,694,0.0,1,3.0,3
1070,0,0.0,28,0.0,1.0,643,0.0,1,8.0,3
1071,1,1.0,48,1.0,5.0,587,3.0,2,2.0,3
1072,1,1.0,53,1.0,5.0,804,1.0,2,2.0,1
1074,1,1.0,71,0.0,9.0,1395,0.0,3,2.0,2
1075,0,1.0,35,1.0,5.0,677,9.0,2,2.0,3
1076,1,0.0,41,1.0,5.0,703,0.0,1,1.0,3
1077,1,1.0,39,0.0,4.0,635,0.0,1,4.0,3
1078,1,1.0,79,0.0,3.0,1765,1.0,3,2.0,0
1079,1,0.0,29,0.0,2.0,1683,9.0,1,8.0,0
1080,1,0.0,33,1.0,5.0,1617,7.0,1,7.0,0
1082,0,1.0,25,0.0,2.0,626,4.0,2,3.0,3
1084,1,1.0,52,0.0,7.0,1097,4.0,1,1.0,1
1085,0,1.0,41,0.0,6.0,801,0.0,3,7.0,1
1087,1,1.0,39,0.0,2.0,1708,1.0,2,5.0,0
1088,0,0.0,32,0.0,7.0,1708,3.0,1,7.0,0
1089,0,0.0,19,0.0,1.0,603,1.0,1,5.0,3
1091,0,0.0,30,1.0,5.0,532,1.0,1,3.0,3
1092,1,0.0,31,1.0,2.0,532,0.0,1,6.0,3
1096,0,1.0,37,0.0,5.0,897,0.0,2,6.0,1
1097,1,1.0,31,1.0,8.0,1484,9.0,2,2.0,2
1098,1,0.0,38,1.0,5.0,615,4.0,1,1.0,3
1100,1,1.0,45,1.0,5.0,722,3.0,2,3.0,3
1102,1,1.0,43,0.0,2.0,1540,1.0,1,5.0,0
1104,0,0.0,26,0.0,8.0,675,14.0,1,3.0,3
1106,0,1.0,49,0.0,5.0,1524,1.0,3,2.0,2
1108,0,1.0,53,0.0,4.0,1083,1.0,2,4.0,1
1109,0,1.0,52,1.0,6.0,846,5.0,3,5.0,1
1110,1,1.0,66,0.0,3.0,1608,0.0,2,2.0,0
1111,0,0.0,26,0.0,4.0,897,6.0,1,2.0,1
1114,1,1.0,53,0.0,5.0,1642,8.0,2,2.0,0
1115,1,1.0,87,0.0,3.0,601,0.0,3,2.0,3
1116,0,0.0,28,0.0,1.0,1577,1.0,1,2.0,0
1117,1,1.0,37,1.0,5.0,1707,7.0,3,3.0,0
1119,1,1.0,25,0.0,5.0,1401,1.0,2,2.0,2
1120,1,1.0,33,0.0,2.0,785,6.0,1,3.0,1
1122,0,1.0,46,1.0,5.0,500,1.0,1,2.0,3
1123,0,0.0,33,0.0,1.0,625,2.0,1,4.0,3
1124,0,0.0,26,0.0,4.0,683,1.0,1,3.0,3
1125,0,0.0,32,0.0,7.0,790,6.0,1,4.0,1
1128,1,0.0,22,0.0,2.0,565,0.0,1,4.0,3
1129,0,0.0,19,0.0,1.0,573,2.0,1,4.0,3
1130,0,1.0,46,1.0,5.0,859,0.0,3,4.0,1
1131,0,0.0,19,0.0,1.0,1005,4.0,1,4.0,1
1132,0,1.0,45,1.0,5.0,578,0.0,2,3.0,3
1133,1,1.0,52,1.0,2.0,1013,1.0,2,3.0,1
1135,0,1.0,47,0.0,4.0,561,1.0,2,3.0,3
1138,0,1.0,41,0.0,6.0,775,5.0,3,3.0,1
1140,0,1.0,37,0.0,6.0,748,9.0,3,4.0,3
1141,1,1.0,20,0.0,2.0,606,8.0,2,2.0,3
1142,1,1.0,73,1.0,3.0,1587,3.0,1,1.0,0
1143,0,1.0,51,1.0,5.0,1020,0.0,2,3.0,1
1145,0,1.0,42,0.0,2.0,761,1.0,2,3.0,1
1146,0,0.0,20,0.0,1.0,537,1.0,1,3.0,3
1147,1,0.0,23,0.0,7.0,592,0.0,1,3.0,3
1148,0,1.0,31,1.0,8.0,810,2.0,1,2.0,1
1149,1,1.0,33,1.0,8.0,745,1.0,1,3.0,3
1150,0,0.0,21,0.0,1.0,1044,9.0,1,6.0,1
1151,0,1.0,51,1.0,7.0,806,5.0,2,7.0,1
1152,0,1.0,47,1.0,5.0,1599,0.0,2,4.0,0
1153,0,0.0,20,0.0,1.0,832,0.0,1,4.0,1
1154,0,0.0,21,0.0,1.0,581,0.0,1,2.0,3
1155,0,0.0,22,0.0,1.0,805,1.0,1,3.0,1
1156,1,0.0,32,1.0,2.0,1500,9.0,1,4.0,2
1157,1,0.0,30,1.0,1.0,1495,8.0,1,1.0,2
1158,0,1.0,61,1.0,7.0,805,1.0,1,1.0,1
1159,0,1.0,43,0.0,4.0,879,0.0,2,4.0,1
1160,0,0.0,25,1.0,7.0,1352,8.0,1,1.0,2
1161,0,1.0,46,0.0,4.0,809,0.0,2,3.0,1
1162,1,1.0,53,0.0,2.0,545,12.0,1,2.0,3
1163,0,1.0,55,1.0,7.0,818,0.0,3,2.0,1
1164,1,1.0,42,0.0,2.0,851,0.0,1,3.0,1
1165,1,0.0,26,1.0,9.0,533,11.0,1,1.0,3
1166,0,0.0,29,0.0,1.0,580,0.0,1,3.0,3
1167,0,1.0,39,1.0,5.0,513,4.0,2,4.0,3
1168,0,1.0,38,1.0,5.0,617,1.0,2,3.0,3
1170,1,0.0,25,0.0,5.0,629,6.0,1,3.0,3
1171,1,0.0,26,1.0,5.0,1020,4.0,1,4.0,1
1172,0,1.0,51,0.0,6.0,1432,0.0,3,5.0,2
1173,0,1.0,30,0.0,8.0,567,8.0,2,2.0,3
1175,1,0.0,33,0.0,8.0,1356,8.0,1,2.0,2
1178,0,1.0,42,1.0,6.0,638,5.0,3,3.0,3
1179,0,1.0,71,1.0,3.0,1094,2.0,1,1.0,1
1180,0,1.0,35,0.0,5.0,591,6.0,2,5.0,3
1181,0,0.0,28,0.0,9.0,1400,0.0,1,5.0,2
1182,0,1.0,31,1.0,5.0,632,1.0,2,2.0,3
1183,0,1.0,43,1.0,5.0,829,2.0,2,3.0,1
1184,1,1.0,77,0.0,3.0,1408,0.0,3,2.0,2
1185,1,1.0,71,1.0,2.0,847,0.0,1,1.0,1
1186,1,1.0,47,1.0,2.0,670,0.0,2,2.0,3
1187,1,0.0,26,0.0,8.0,677,9.0,1,1.0,3
1188,0,1.0,40,0.0,7.0,677,4.0,2,4.0,3
1189,1,1.0,72,1.0,3.0,635,0.0,3,2.0,3
1190,1,1.0,73,1.0,5.0,652,1.0,3,2.0,3
1191,0,0.0,26,1.0,1.0,525,1.0,1,6.0,3
1195,0,1.0,52,0.0,4.0,1404,10.0,2,4.0,2
1196,0,1.0,42,1.0,5.0,628,3.0,2,2.0,3
1198,0,1.0,28,1.0,5.0,693,0.0,2,3.0,3
1199,1,1.0,43,0.0,8.0,1554,7.0,1,1.0,0
1201,0,0.0,25,0.0,7.0,899,0.0,1,4.0,1
1202,0,1.0,52,1.0,6.0,508,1.0,3,3.0,3
1203,1,0.0,28,1.0,8.0,635,9.0,1,1.0,3
1204,0,1.0,56,1.0,4.0,1304,0.0,2,4.0,2
1205,0,1.0,38,0.0,6.0,897,12.0,3,7.0,1
1206,0,1.0,83,0.0,3.0,1529,1.0,3,2.0,2
1209,1,0.0,35,1.0,8.0,562,12.0,1,1.0,3
1210,0,1.0,40,1.0,9.0,676,0.0,1,2.0,3
1211,1,0.0,25,1.0,8.0,608,13.0,1,1.0,3
1213,0,0.0,25,1.0,5.0,1016,7.0,1,1.0,1
1214,0,1.0,52,1.0,5.0,775,0.0,1,4.0,1
1215,0,0.0,33,0.0,5.0,504,0.0,1,4.0,3
1216,0,0.0,28,1.0,5.0,674,6.0,1,3.0,3
1217,1,0.0,43,1.0,5.0,620,0.0,1,1.0,3
1219,1,1.0,84,1.0,3.0,584,1.0,3,2.0,3
1220,0,1.0,48,1.0,6.0,1094,6.0,3,4.0,1
1221,1,1.0,55,0.0,2.0,595,3.0,2,2.0,3
1222,1,1.0,37,1.0,8.0,879,8.0,1,1.0,1
1223,0,1.0,38,1.0,2.0,879,11.0,2,3.0,1
1226,1,0.0,35,0.0,8.0,717,9.0,1,1.0,3
1227,0,0.0,35,0.0,4.0,869,0.0,1,2.0,1
1228,1,1.0,46,0.0,3.0,1634,0.0,1,1.0,0
1229,1,1.0,79,1.0,3.0,643,0.0,1,1.0,3
1230,0,1.0,63,1.0,3.0,669,5.0,3,2.0,3
1232,1,0.0,35,1.0,4.0,1380,0.0,1,1.0,2
1234,0,1.0,50,0.0,5.0,693,0.0,2,4.0,3
1236,0,1.0,45,1.0,6.0,748,0.0,3,3.0,3
1237,1,0.0,36,1.0,8.0,1354,0.0,1,4.0,2
1238,0,1.0,43,0.0,4.0,1498,11.0,2,2.0,2
1239,0,1.0,62,1.0,9.0,565,1.0,3,5.0,3
1240,0,1.0,57,1.0,5.0,728,2.0,2,2.0,3
1241,0,0.0,51,0.0,9.0,1385,9.0,1,1.0,2
1242,0,1.0,59,1.0,5.0,524,0.0,1,1.0,3
1243,1,1.0,27,0.0,5.0,837,0.0,1,4.0,1
1245,0,1.0,50,1.0,4.0,1619,6.0,1,3.0,0
1246,0,1.0,75,1.0,6.0,1051,1.0,3,3.0,1
1247,0,0.0,28,0.0,6.0,1364,2.0,1,2.0,2
1248,0,1.0,39,1.0,5.0,764,9.0,2,2.0,1
1249,1,1.0,69,1.0,7.0,561,0.0,2,2.0,3
1250,1,0.0,41,1.0,5.0,1467,1.0,1,1.0,2
1252,1,1.0,39,0.0,4.0,684,1.0,3,3.0,3
1253,0,0.0,47,1.0,5.0,1382,0.0,1,1.0,2
1254,1,1.0,62,1.0,2.0,1567,1.0,1,1.0,0
1256,0,1.0,49,1.0,7.0,875,5.0,2,3.0,1
1257,1,1.0,52,1.0,5.0,1675,8.0,1,2.0,0
1259,1,0.0,26,1.0,1.0,672,7.0,1,2.0,3
1260,1,1.0,72,1.0,2.0,510,1.0,1,1.0,3
1261,1,1.0,47,1.0,5.0,893,0.0,1,3.0,1
1262,1,0.0,19,0.0,1.0,501,1.0,1,2.0,3
1263,1,0.0,21,0.0,1.0,1094,1.0,1,3.0,1
1264,0,0.0,39,0.0,4.0,565,1.0,1,1.0,3
1265,1,0.0,52,1.0,5.0,1037,0.0,1,1.0,1
1266,0,1.0,37,0.0,4.0,673,8.0,2,3.0,3
1267,0,1.0,51,0.0,4.0,697,0.0,1,2.0,3
1268,0,1.0,48,0.0,2.0,601,1.0,2,3.0,3
1270,0,1.0,47,1.0,6.0,724,1.0,3,4.0,3
1271,1,1.0,45,0.0,2.0,734,0.0,2,3.0,3
1272,1,0.0,29,0.0,2.0,800,5.0,1,2.0,1
1273,1,1.0,47,0.0,7.0,546,1.0,1,1.0,3
1274,0,1.0,41,1.0,4.0,1323,8.0,2,2.0,2
1275,1,1.0,32,0.0,8.0,1653,9.0,2,4.0,0
1276,0,1.0,31,0.0,9.0,653,2.0,1,3.0,3
1277,0,0.0,20,0.0,9.0,1662,1.0,1,3.0,0
1278,1,1.0,46,1.0,5.0,872,0.0,2,3.0,1
1279,0,1.0,70,1.0,3.0,874,3.0,1,1.0,1
1280,0,1.0,65,1.0,5.0,854,1.0,2,3.0,1
1282,0,1.0,29,0.0,8.0,1447,9.0,1,1.0,2
1283,0,1.0,41,1.0,4.0,1630,3.0,2,2.0,0
1284,0,1.0,50,0.0,6.0,601,0.0,1,5.0,3
1285,0,1.0,38,1.0,4.0,681,9.0,2,2.0,3
1287,1,1.0,30,0.0,2.0,548,6.0,1,2.0,3
1288,1,1.0,63,1.0,2.0,629,1.0,1,1.0,3
1289,0,1.0,42,1.0,5.0,1461,6.0,2,2.0,2
1290,0,1.0,41,0.0,6.0,553,0.0,3,3.0,3
1292,0,1.0,46,1.0,2.0,564,1.0,1,2.0,3
1293,1,1.0,83,0.0,3.0,591,0.0,3,2.0,3
1294,0,1.0,27,1.0,1.0,1728,3.0,1,2.0,0
1295,1,0.0,22,0.0,1.0,685,1.0,1,4.0,3
1296,0,0.0,20,0.0,1.0,522,0.0,1,4.0,3
1297,1,1.0,40,1.0,2.0,842,0.0,1,2.0,1
1298,1,0.0,28,1.0,7.0,1091,0.0,1,6.0,1
1300,0,1.0,28,0.0,4.0,639,0.0,1,2.0,3
1301,1,0.0,20,0.0,1.0,848,0.0,1,4.0,1
1302,1,1.0,53,0.0,2.0,1431,0.0,2,6.0,2
1303,1,1.0,35,1.0,7.0,1325,0.0,1,2.0,2
1305,0,0.0,30,1.0,1.0,853,6.0,1,4.0,1
1306,1,1.0,46,1.0,5.0,540,2.0,1,1.0,3
1307,1,0.0,36,1.0,2.0,1039,3.0,1,4.0,1
1308,1,1.0,38,1.0,5.0,821,4.0,3,3.0,1
1309,1,1.0,26,0.0,9.0,664,1.0,2,2.0,3
1310,1,1.0,45,1.0,7.0,1425,1.0,1,1.0,2
1311,1,1.0,46,1.0,6.0,773,5.0,3,2.0,1
1312,0,0.0,25,1.0,7.0,861,0.0,1,1.0,1
1313,0,0.0,27,0.0,9.0,799,0.0,1,7.0,1
1314,1,1.0,42,1.0,7.0,890,6.0,1,1.0,1
1316,0,1.0,55,1.0,7.0,840,6.0,1,1.0,1
1319,0,0.0,31,0.0,9.0,1453,0.0,1,4.0,2
1320,1,1.0,38,0.0,4.0,698,6.0,2,5.0,3
1322,1,1.0,59,1.0,5.0,703,2.0,3,3.0,3
1323,0,1.0,61,0.0,6.0,527,1.0,2,3.0,3
1324,1,1.0,27,1.0,2.0,1012,1.0,1,2.0,1
1325,0,1.0,26,0.0,6.0,523,1.0,3,5.0,3
1327,0,1.0,51,1.0,5.0,576,0.0,2,3.0,3
1328,0,1.0,47,0.0,4.0,648,0.0,2,3.0,3
1329,0,1.0,52,1.0,5.0,554,1.0,2,4.0,3
1331,0,1.0,57,0.0,2.0,700,1.0,2,2.0,3
1332,1,1.0,86,1.0,3.0,810,1.0,3,2.0,1
1335,1,1.0,43,0.0,2.0,1393,0.0,2,4.0,2
1339,1,1.0,43,1.0,7.0,633,0.0,1,1.0,3
1340,0,0.0,31,0.0,1.0,553,0.0,1,4.0,3
1341,0,1.0,30,0.0,6.0,1459,1.0,3,2.0,2
1342,0,1.0,27,1.0,7.0,666,8.0,2,3.0,3
1344,0,1.0,47,1.0,6.0,639,0.0,1,2.0,3
1345,0,1.0,35,1.0,6.0,732,1.0,3,4.0,3
1346,0,1.0,25,1.0,4.0,846,0.0,1,2.0,1
1347,1,1.0,25,0.0,5.0,814,0.0,1,3.0,1
1348,0,0.0,38,0.0,5.0,835,1.0,1,1.0,1
1349,1,0.0,32,0.0,2.0,565,0.0,1,3.0,3
1350,0,1.0,48,0.0,6.0,1791,1.0,3,6.0,0
1351,1,0.0,38,0.0,5.0,1048,10.0,1,1.0,1
1354,1,1.0,85,1.0,5.0,750,1.0,3,2.0,3
1355,1,0.0,25,1.0,1.0,600,1.0,1,3.0,3
1356,1,0.0,31,1.0,7.0,704,1.0,1,2.0,3
1357,1,0.0,20,0.0,1.0,1320,3.0,1,4.0,2
1358,1,1.0,37,1.0,5.0,630,0.0,2,2.0,3
1359,0,0.0,33,1.0,5.0,675,8.0,1,2.0,3
1360,1,0.0,52,0.0,5.0,1365,5.0,1,1.0,2
1361,0,0.0,26,1.0,7.0,1726,0.0,1,3.0,0
1362,1,0.0,21,0.0,1.0,817,9.0,1,5.0,1
1363,1,0.0,42,1.0,2.0,648,0.0,1,1.0,3
1365,0,1.0,39,1.0,5.0,1304,0.0,2,4.0,2
1366,1,1.0,41,1.0,7.0,892,1.0,2,2.0,1
1367,1,0.0,18,0.0,1.0,1054,1.0,1,5.0,1
1368,0,0.0,22,0.0,1.0,1657,0.0,1,1.0,0
1369,1,1.0,25,0.0,2.0,1420,2.0,1,2.0,2
1370,1,0.0,20,0.0,1.0,1096,4.0,1,5.0,1
1371,1,0.0,18,0.0,4.0,1027,0.0,1,4.0,1
1372,1,0.0,20,0.0,1.0,669,1.0,1,5.0,3
1373,0,0.0,21,0.0,9.0,534,0.0,1,4.0,3
1374,1,0.0,25,0.0,1.0,1018,1.0,1,4.0,1
1376,1,1.0,46,0.0,2.0,1668,0.0,2,5.0,0
1377,0,1.0,68,0.0,6.0,1497,1.0,3,2.0,2
1378,0,0.0,21,0.0,1.0,580,1.0,1,4.0,3
1379,0,0.0,27,1.0,7.0,582,0.0,1,3.0,3
1380,0,1.0,59,1.0,6.0,559,1.0,3,4.0,3
1381,1,0.0,26,1.0,5.0,567,8.0,1,1.0,3
1382,0,1.0,26,1.0,5.0,771,0.0,2,2.0,1
1383,1,1.0,32,0.0,7.0,771,1.0,2,2.0,1
1384,0,0.0,33,0.0,1.0,771,0.0,1,6.0,1
1385,0,0.0,28,1.0,1.0,581,0.0,1,3.0,3
1386,1,0.0,30,1.0,1.0,1071,0.0,1,3.0,1
1388,1,0.0,41,0.0,2.0,694,3.0,1,3.0,3
1389,0,1.0,42,1.0,5.0,876,13.0,1,2.0,1
1390,1,1.0,45,1.0,7.0,829,1.0,2,4.0,1
1392,1,0.0,29,0.0,2.0,864,0.0,1,1.0,1
1393,0,1.0,46,1.0,4.0,1775,1.0,2,3.0,0
1394,1,1.0,26,1.0,9.0,521,5.0,3,4.0,3
1397,1,1.0,38,1.0,9.0,850,9.0,1,3.0,1
1398,0,1.0,69,0.0,6.0,600,1.0,3,4.0,3
1399,0,0.0,46,1.0,5.0,1408,0.0,1,2.0,2
1400,1,0.0,40,0.0,5.0,1372,0.0,1,1.0,2
1401,0,0.0,25,0.0,2.0,820,9.0,1,3.0,1
1403,0,0.0,26,0.0,7.0,1659,1.0,1,4.0,0
1404,1,0.0,33,1.0,5.0,1350,0.0,1,4.0,2
1405,0,1.0,56,1.0,6.0,1388,8.0,3,2.0,2
1406,0,0.0,30,0.0,1.0,1568,0.0,1,5.0,0
1407,1,0.0,26,0.0,1.0,506,0.0,1,3.0,3
1408,1,0.0,28,0.0,7.0,711,0.0,1,5.0,3
1409,1,1.0,28,0.0,7.0,1360,0.0,2,6.0,2
1410,0,0.0,20,0.0,1.0,1590,1.0,1,4.0,0
1411,0,1.0,41,0.0,6.0,1487,1.0,2,3.0,2
1412,0,1.0,37,1.0,5.0,551,0.0,3,3.0,3
1413,0,1.0,59,1.0,5.0,684,1.0,2,3.0,3
1414,1,1.0,43,1.0,5.0,1682,0.0,2,2.0,0
1415,0,0.0,20,0.0,1.0,831,1.0,1,3.0,1
1416,1,0.0,30,1.0,1.0,813,1.0,1,5.0,1
1417,0,1.0,66,0.0,6.0,813,0.0,2,2.0,1
1418,0,1.0,28,1.0,5.0,882,1.0,2,3.0,1
1419,0,1.0,49,1.0,4.0,1649,0.0,2,3.0,0
1420,1,1.0,61,1.0,5.0,1593,0.0,2,3.0,0
1421,0,1.0,27,1.0,5.0,819,9.0,2,2.0,1
1422,1,1.0,35,0.0,2.0,1420,1.0,1,1.0,2
1423,0,1.0,33,1.0,1.0,1333,0.0,2,2.0,2
1424,1,1.0,36,1.0,5.0,554,2.0,2,2.0,3
1425,1,0.0,27,1.0,5.0,649,9.0,1,1.0,3
1427,1,0.0,31,0.0,2.0,1373,1.0,1,5.0,2
1428,1,0.0,30,0.0,1.0,1469,0.0,1,4.0,2
1430,0,1.0,47,0.0,6.0,1052,1.0,1,4.0,1
1433,1,0.0,36,1.0,5.0,670,1.0,1,4.0,3
1434,1,0.0,30,1.0,2.0,867,1.0,1,3.0,1
1435,0,1.0,60,1.0,5.0,671,9.0,1,1.0,3
1436,1,0.0,32,1.0,1.0,743,0.0,1,3.0,3
1437,1,1.0,32,1.0,5.0,846,0.0,2,2.0,1
1438,1,0.0,28,0.0,1.0,647,7.0,1,3.0,3
1439,0,1.0,46,1.0,1.0,700,2.0,3,4.0,3
1440,1,1.0,38,1.0,5.0,518,4.0,1,1.0,3
1442,0,1.0,30,1.0,4.0,1570,7.0,1,2.0,0
1443,1,1.0,52,1.0,5.0,1077,0.0,2,3.0,1
1444,1,1.0,46,1.0,2.0,758,1.0,2,4.0,1
1445,0,1.0,37,0.0,2.0,700,0.0,2,2.0,3
1446,1,0.0,25,1.0,2.0,614,2.0,1,3.0,3
1447,1,1.0,43,1.0,2.0,831,1.0,2,4.0,1
1448,0,0.0,32,0.0,9.0,586,0.0,1,4.0,3
1449,1,1.0,50,1.0,2.0,891,1.0,3,4.0,1
1450,0,1.0,43,0.0,5.0,505,3.0,2,3.0,3
1451,0,1.0,37,1.0,5.0,572,0.0,2,2.0,3
1452,0,1.0,61,0.0,1.0,803,0.0,3,4.0,1
1453,0,1.0,39,1.0,5.0,605,5.0,2,2.0,3
1454,0,1.0,46,1.0,5.0,543,1.0,2,5.0,3
1455,0,1.0,37,0.0,4.0,856,0.0,2,4.0,1
1456,1,1.0,36,0.0,2.0,501,0.0,1,3.0,3
1457,1,0.0,28,0.0,5.0,1336,0.0,1,1.0,2
1458,0,1.0,86,1.0,3.0,693,0.0,1,1.0,3
1459,0,0.0,42,1.0,5.0,772,8.0,1,1.0,1
1460,0,1.0,82,1.0,6.0,678,1.0,1,1.0,3
1461,1,0.0,18,0.0,1.0,693,1.0,1,8.0,3
1462,1,0.0,18,0.0,2.0,1525,0.0,1,4.0,2
1463,1,0.0,36,1.0,5.0,1631,1.0,1,1.0,0
1464,1,0.0,26,0.0,2.0,793,1.0,1,6.0,1
1465,0,1.0,49,1.0,4.0,593,1.0,2,2.0,3
1466,1,1.0,69,1.0,5.0,1710,1.0,2,3.0,0
1467,1,0.0,29,0.0,5.0,798,1.0,1,6.0,1
1468,0,0.0,68,1.0,4.0,565,1.0,1,2.0,3
1469,0,0.0,33,0.0,1.0,739,4.0,1,3.0,3
1470,0,1.0,38,0.0,6.0,657,3.0,3,5.0,3
1471,0,1.0,52,0.0,4.0,590,1.0,2,3.0,3
1472,0,1.0,28,1.0,5.0,632,1.0,1,2.0,3
1473,1,0.0,27,0.0,1.0,628,1.0,1,5.0,3
1474,1,0.0,28,0.0,2.0,508,0.0,1,4.0,3
1475,1,1.0,25,0.0,2.0,1575,7.0,3,3.0,0
1476,1,0.0,30,1.0,5.0,540,8.0,1,1.0,3
1477,0,1.0,40,1.0,5.0,1069,1.0,2,3.0,1
1478,1,0.0,25,1.0,5.0,1689,0.0,1,9.0,0
1479,1,0.0,30,1.0,5.0,1433,5.0,1,1.0,2
1480,1,1.0,43,0.0,2.0,1738,0.0,2,2.0,0
1481,1,0.0,26,1.0,5.0,515,1.0,1,4.0,3
1482,1,1.0,37,0.0,4.0,680,0.0,2,3.0,3
1483,1,0.0,28,0.0,1.0,680,1.0,1,5.0,3
1484,1,1.0,31,0.0,9.0,1308,1.0,1,5.0,2
1485,0,1.0,46,1.0,5.0,754,1.0,1,3.0,3
1486,1,1.0,47,1.0,5.0,1426,5.0,2,4.0,2
1487,0,0.0,28,0.0,1.0,617,1.0,1,4.0,3
1488,0,0.0,30,0.0,1.0,719,0.0,1,1.0,3
1490,0,0.0,23,0.0,5.0,615,2.0,1,5.0,3
1491,1,0.0,22,0.0,1.0,616,1.0,1,5.0,3
1492,0,0.0,20,0.0,1.0,1402,1.0,1,5.0,2
1493,0,0.0,22,0.0,4.0,529,1.0,1,4.0,3
1494,1,0.0,19,0.0,1.0,1795,0.0,1,4.0,0
1495,0,0.0,21,0.0,1.0,648,1.0,1,3.0,3
1496,1,0.0,19,0.0,1.0,514,0.0,1,4.0,3
1497,0,0.0,39,1.0,5.0,876,1.0,1,2.0,1
1498,1,1.0,38,1.0,5.0,680,8.0,1,2.0,3
1499,0,0.0,33,1.0,1.0,1466,3.0,1,1.0,2
1500,1,0.0,38,1.0,8.0,1470,4.0,1,1.0,2
1501,1,0.0,29,1.0,1.0,1431,0.0,1,3.0,2
1502,1,1.0,35,0.0,4.0,1440,4.0,1,1.0,2
1503,0,1.0,32,1.0,5.0,1351,9.0,2,2.0,2
1504,0,1.0,59,1.0,5.0,871,0.0,1,1.0,1
1505,1,0.0,32,1.0,7.0,524,0.0,1,1.0,3
1506,1,0.0,29,1.0,1.0,524,8.0,1,3.0,3
1507,1,0.0,31,1.0,4.0,545,0.0,1,4.0,3
1508,0,1.0,59,0.0,6.0,713,0.0,3,4.0,3
1509,0,1.0,87,1.0,3.0,1616,0.0,3,2.0,0
1510,0,1.0,53,1.0,6.0,1455,0.0,1,2.0,2
1511,0,1.0,83,0.0,3.0,753,0.0,3,2.0,3
1512,0,0.0,33,0.0,1.0,696,1.0,1,5.0,3
1514,1,1.0,39,1.0,5.0,837,7.0,3,5.0,1
1515,1,0.0,27,0.0,1.0,1521,1.0,1,5.0,2
1516,1,1.0,42,1.0,5.0,803,5.0,2,2.0,1
1517,0,1.0,46,1.0,5.0,692,4.0,2,2.0,3
1518,0,1.0,63,1.0,7.0,518,0.0,3,2.0,3
1519,0,0.0,32,1.0,7.0,882,1.0,1,2.0,1
1520,1,0.0,38,1.0,2.0,610,0.0,1,3.0,3
1521,0,0.0,38,1.0,4.0,620,1.0,1,2.0,3
1522,1,1.0,63,1.0,2.0,1368,1.0,1,1.0,2
1523,1,0.0,45,1.0,5.0,1044,1.0,1,1.0,1
1524,1,0.0,33,1.0,1.0,1432,1.0,1,5.0,2
1525,0,0.0,27,0.0,4.0,848,0.0,1,2.0,1
1526,1,1.0,87,0.0,5.0,687,7.0,3,2.0,3
1527,1,0.0,25,0.0,1.0,826,14.0,1,1.0,1
1528,0,1.0,61,1.0,5.0,892,0.0,2,4.0,1
1529,0,1.0,41,1.0,5.0,639,1.0,3,4.0,3
1531,0,1.0,51,1.0,6.0,1356,4.0,3,3.0,2
1533,0,1.0,60,1.0,5.0,666,3.0,3,3.0,3
1534,0,1.0,65,1.0,5.0,644,6.0,2,3.0,3
1536,1,1.0,41,1.0,5.0,1649,1.0,1,1.0,0
1537,1,1.0,56,1.0,5.0,862,0.0,2,3.0,1
1538,1,1.0,74,0.0,3.0,596,1.0,3,2.0,3
1539,0,1.0,39,1.0,5.0,1633,4.0,2,2.0,0
1540,1,0.0,42,0.0,5.0,1754,2.0,1,2.0,0
1541,0,1.0,68,1.0,5.0,1470,5.0,3,2.0,2
1542,0,0.0,30,1.0,5.0,644,1.0,1,1.0,3
1543,1,0.0,32,0.0,1.0,1033,1.0,1,3.0,1
1544,0,1.0,43,1.0,5.0,633,13.0,1,1.0,3
1545,1,1.0,40,1.0,5.0,690,3.0,3,2.0,3
1546,1,1.0,87,0.0,4.0,837,0.0,3,2.0,1
1547,0,1.0,43,0.0,4.0,1543,1.0,1,2.0,0
1548,0,1.0,48,1.0,7.0,772,1.0,2,3.0,1
1549,1,1.0,58,1.0,9.0,647,0.0,2,2.0,3
1551,1,0.0,30,0.0,1.0,1083,14.0,1,3.0,1
1552,1,1.0,53,1.0,5.0,836,2.0,1,2.0,1
1553,1,1.0,56,1.0,5.0,1495,3.0,2,3.0,2
1554,0,1.0,48,1.0,5.0,1379,1.0,2,4.0,2
1555,0,1.0,28,0.0,7.0,1035,1.0,1,5.0,1
1556,1,1.0,61,1.0,5.0,781,0.0,2,2.0,1
1557,0,1.0,62,1.0,4.0,794,1.0,2,3.0,1
1558,1,1.0,49,1.0,5.0,683,1.0,2,5.0,3
1560,0,1.0,62,1.0,4.0,791,1.0,1,2.0,1
1562,1,0.0,48,1.0,5.0,1786,4.0,1,1.0,0
1563,1,1.0,36,1.0,5.0,661,1.0,2,3.0,3
1564,1,1.0,56,1.0,5.0,779,1.0,2,5.0,1
1565,1,1.0,66,0.0,9.0,866,0.0,3,2.0,1
1566,0,0.0,40,1.0,5.0,1365,6.0,1,2.0,2
1567,1,1.0,57,1.0,5.0,566,0.0,2,2.0,3
1569,0,1.0,35,0.0,9.0,565,1.0,1,3.0,3
1570,0,1.0,58,1.0,5.0,603,0.0,2,2.0,3
1571,0,0.0,29,0.0,5.0,555,8.0,1,5.0,3
1572,0,0.0,26,0.0,7.0,569,0.0,1,1.0,3
1573,1,1.0,84,1.0,3.0,876,1.0,3,2.0,1
1574,0,1.0,86,1.0,6.0,863,0.0,1,1.0,1
1575,0,1.0,77,0.0,3.0,892,1.0,3,2.0,1
1576,1,0.0,37,1.0,5.0,825,0.0,1,3.0,1
1577,0,1.0,74,0.0,6.0,538,0.0,3,2.0,3
1578,0,0.0,27,0.0,5.0,554,1.0,1,2.0,3
1579,1,1.0,56,1.0,5.0,700,0.0,1,1.0,3
1580,1,0.0,27,1.0,1.0,554,0.0,1,1.0,3
1581,0,1.0,39,1.0,5.0,662,7.0,2,2.0,3
1582,0,1.0,35,1.0,4.0,1662,3.0,2,2.0,0
1583,0,1.0,66,1.0,4.0,726,1.0,2,2.0,3
1584,1,0.0,47,1.0,5.0,542,0.0,1,2.0,3
1585,1,1.0,36,1.0,5.0,1591,8.0,2,2.0,0
1586,0,1.0,43,1.0,5.0,841,4.0,2,2.0,1
1587,1,1.0,55,1.0,5.0,853,0.0,2,4.0,1
1588,0,1.0,41,1.0,7.0,1540,0.0,2,3.0,0
1589,1,0.0,26,1.0,5.0,565,9.0,1,5.0,3
1590,0,1.0,72,1.0,5.0,865,0.0,3,2.0,1
1592,0,1.0,38,1.0,4.0,517,1.0,2,3.0,3
1593,0,1.0,72,0.0,3.0,597,1.0,1,2.0,3
1594,0,0.0,31,1.0,1.0,720,1.0,1,4.0,3
1595,0,0.0,41,1.0,5.0,799,9.0,1,1.0,1
1596,0,0.0,25,0.0,2.0,1338,9.0,1,2.0,2
1598,0,1.0,83,1.0,3.0,793,0.0,3,2.0,1
1599,1,1.0,51,1.0,2.0,674,0.0,2,4.0,3
1600,0,1.0,40,1.0,5.0,609,0.0,1,2.0,3
1601,1,1.0,76,1.0,5.0,637,0.0,2,2.0,3
1602,0,1.0,29,1.0,5.0,689,1.0,1,4.0,3
1603,0,1.0,46,1.0,5.0,823,1.0,1,3.0,1
1604,1,1.0,58,1.0,5.0,873,0.0,2,4.0,1
1605,1,0.0,46,1.0,5.0,867,1.0,1,1.0,1
1606,1,1.0,74,0.0,3.0,578,0.0,3,2.0,3
1607,0,1.0,53,1.0,6.0,756,1.0,3,3.0,3
1608,0,1.0,63,1.0,5.0,516,1.0,1,1.0,3
1609,1,1.0,49,1.0,5.0,1069,1.0,2,3.0,1
1610,0,0.0,25,1.0,4.0,1311,5.0,1,2.0,2
1611,0,0.0,46,0.0,2.0,630,1.0,1,3.0,3
1612,1,0.0,43,1.0,5.0,728,7.0,1,9.0,3
1613,1,1.0,58,1.0,5.0,560,1.0,2,4.0,3
1614,0,1.0,41,1.0,6.0,1011,1.0,3,4.0,1
1615,1,0.0,28,0.0,1.0,814,1.0,1,3.0,1
1616,0,0.0,26,1.0,1.0,510,0.0,1,4.0,3
1617,0,0.0,29,1.0,1.0,702,9.0,1,2.0,3
1619,1,0.0,39,1.0,2.0,641,14.0,1,1.0,3
1620,0,1.0,51,1.0,4.0,890,0.0,2,4.0,1
1621,0,1.0,46,1.0,4.0,500,4.0,3,4.0,3
1623,0,1.0,26,1.0,5.0,667,1.0,2,3.0,3
1624,1,1.0,42,1.0,2.0,866,1.0,2,4.0,1
1625,1,1.0,43,1.0,4.0,866,5.0,2,3.0,1
1626,0,1.0,53,1.0,6.0,1486,1.0,1,4.0,2
1628,1,1.0,40,1.0,5.0,844,1.0,2,3.0,1
1629,0,1.0,71,1.0,5.0,870,1.0,1,2.0,1
1630,0,1.0,32,1.0,9.0,1439,13.0,3,4.0,2
1631,0,0.0,41,1.0,4.0,1064,9.0,1,2.0,1
1632,1,0.0,46,1.0,4.0,1534,8.0,1,2.0,0
1633,0,1.0,40,1.0,6.0,631,0.0,3,4.0,3
1634,0,0.0,29,0.0,7.0,631,1.0,1,5.0,3
1635,0,1.0,25,1.0,7.0,645,1.0,2,2.0,3
1636,1,1.0,52,1.0,9.0,870,0.0,1,1.0,1
1637,0,0.0,30,1.0,7.0,1421,9.0,1,5.0,2
1638,1,1.0,25,1.0,1.0,841,12.0,3,2.0,1
1639,0,0.0,32,0.0,5.0,549,9.0,1,4.0,3
1641,1,0.0,49,1.0,5.0,555,1.0,1,1.0,3
1642,1,0.0,43,1.0,7.0,1022,1.0,1,4.0,1
1643,0,1.0,48,1.0,5.0,830,1.0,1,1.0,1
1644,0,0.0,41,0.0,5.0,548,5.0,1,2.0,3
1645,1,0.0,29,1.0,1.0,734,9.0,1,2.0,3
1646,1,0.0,35,1.0,5.0,1317,0.0,1,2.0,2
1647,0,1.0,41,1.0,5.0,1318,1.0,2,2.0,2
1648,1,1.0,47,1.0,5.0,569,1.0,2,4.0,3
1649,1,1.0,53,1.0,5.0,756,1.0,2,3.0,3
1651,1,1.0,40,1.0,5.0,708,0.0,3,2.0,3
1652,0,1.0,46,1.0,5.0,717,0.0,1,1.0,3
1654,1,1.0,71,1.0,3.0,719,2.0,1,6.0,3
1655,1,1.0,30,0.0,2.0,615,5.0,2,2.0,3
1656,1,1.0,40,0.0,2.0,574,1.0,2,4.0,3
1657,0,1.0,43,0.0,4.0,802,0.0,2,5.0,1
1658,0,1.0,40,1.0,4.0,648,3.0,2,3.0,3
1659,0,1.0,39,0.0,4.0,603,1.0,2,4.0,3
1660,0,1.0,49,0.0,6.0,847,1.0,3,7.0,1
1661,0,1.0,51,0.0,5.0,1100,0.0,2,5.0,1
1662,1,1.0,39,0.0,7.0,1302,1.0,2,9.0,2
1663,0,1.0,23,0.0,1.0,1411,1.0,1,5.0,2
1664,0,1.0,53,0.0,2.0,1061,0.0,2,6.0,1
1665,1,0.0,35,0.0,2.0,697,9.0,1,5.0,3
1666,0,0.0,35,0.0,6.0,523,2.0,1,4.0,3
1667,0,1.0,30,1.0,7.0,1437,1.0,1,9.0,2
1669,0,0.0,38,1.0,5.0,512,1.0,1,3.0,3
1670,1,0.0,53,0.0,9.0,1027,0.0,1,1.0,1
1671,1,0.0,36,1.0,2.0,539,8.0,1,1.0,3
1672,0,0.0,33,0.0,2.0,702,0.0,1,4.0,3
1673,1,0.0,40,1.0,2.0,1335,1.0,1,1.0,2
1674,1,1.0,36,1.0,5.0,750,0.0,2,4.0,3
1675,0,0.0,31,0.0,7.0,657,1.0,1,5.0,3
1676,0,0.0,31,0.0,7.0,668,1.0,1,2.0,3
1677,0,1.0,41,1.0,1.0,1444,0.0,2,4.0,2
1679,1,1.0,38,1.0,5.0,871,5.0,2,3.0,1
1680,0,1.0,49,0.0,5.0,1439,1.0,1,5.0,2
1682,0,1.0,28,1.0,6.0,686,14.0,3,9.0,3
1683,0,1.0,51,0.0,4.0,1355,0.0,3,4.0,2
1684,0,1.0,41,0.0,5.0,1089,1.0,2,2.0,1
1685,1,1.0,57,0.0,2.0,594,0.0,2,6.0,3
1686,0,1.0,67,1.0,5.0,639,0.0,1,1.0,3
1687,0,1.0,29,0.0,6.0,1550,3.0,2,5.0,0
1689,0,1.0,49,1.0,5.0,679,0.0,3,2.0,3
1690,1,0.0,28,0.0,2.0,567,6.0,1,3.0,3
1691,1,1.0,48,0.0,2.0,696,1.0,2,4.0,3
1692,1,1.0,51,0.0,2.0,532,5.0,2,4.0,3
1693,1,1.0,48,0.0,2.0,1719,5.0,2,6.0,0
1694,1,1.0,48,0.0,2.0,718,5.0,2,5.0,3
1696,1,1.0,39,0.0,2.0,845,8.0,2,4.0,1
1697,1,1.0,50,0.0,2.0,513,7.0,2,5.0,3
1698,1,0.0,33,0.0,2.0,682,1.0,1,9.0,3
1700,0,1.0,30,0.0,9.0,1693,2.0,3,5.0,0
1702,0,0.0,36,0.0,9.0,719,0.0,1,4.0,3
1703,0,0.0,43,0.0,4.0,580,0.0,1,1.0,3
1704,0,1.0,26,0.0,4.0,738,1.0,1,1.0,3
1705,0,1.0,33,0.0,6.0,607,0.0,1,2.0,3
1707,1,1.0,49,1.0,2.0,846,1.0,3,5.0,1
1708,0,1.0,48,1.0,2.0,847,6.0,2,5.0,1
1709,0,0.0,31,1.0,5.0,1001,5.0,1,1.0,1
1711,1,0.0,21,0.0,1.0,574,5.0,1,1.0,3
1712,1,1.0,50,0.0,4.0,655,8.0,2,5.0,3
1713,0,0.0,23,0.0,1.0,503,9.0,1,6.0,3
1714,1,1.0,21,0.0,1.0,871,0.0,1,2.0,1
1716,0,0.0,20,0.0,1.0,1310,0.0,1,6.0,2
1718,0,1.0,29,0.0,2.0,626,0.0,2,3.0,3
1719,0,1.0,42,1.0,5.0,660,0.0,2,4.0,3
1720,0,0.0,20,0.0,7.0,1080,0.0,1,6.0,1
1721,0,1.0,36,0.0,6.0,1552,1.0,1,6.0,0
1722,1,1.0,42,0.0,2.0,1763,0.0,3,6.0,0
1723,0,0.0,18,0.0,1.0,579,7.0,1,4.0,3
1725,1,0.0,30,0.0,2.0,1556,10.0,1,8.0,0
1726,1,0.0,28,0.0,8.0,703,9.0,1,9.0,3
1727,0,1.0,42,1.0,4.0,676,7.0,1,6.0,3
1728,0,1.0,38,1.0,5.0,580,1.0,1,4.0,3
1729,0,1.0,42,1.0,5.0,669,1.0,2,2.0,3
1731,1,1.0,29,1.0,7.0,1369,0.0,2,2.0,2
1732,0,1.0,40,1.0,5.0,1355,1.0,1,2.0,2
1733,1,0.0,38,0.0,2.0,606,1.0,1,2.0,3
1734,0,1.0,37,1.0,2.0,603,1.0,2,4.0,3
1735,1,1.0,65,0.0,3.0,1749,1.0,1,1.0,0
1738,1,1.0,47,1.0,5.0,1085,1.0,2,5.0,1
1739,0,1.0,57,1.0,5.0,642,0.0,2,3.0,3
1742,0,1.0,37,1.0,5.0,754,9.0,1,1.0,3
1743,0,0.0,39,1.0,5.0,1372,4.0,1,1.0,2
1744,0,1.0,39,0.0,7.0,1006,1.0,2,5.0,1
1746,1,1.0,70,1.0,5.0,900,1.0,2,2.0,1
1747,0,1.0,51,1.0,6.0,589,9.0,1,1.0,3
1748,0,1.0,48,0.0,5.0,674,1.0,1,3.0,3
1749,0,0.0,43,0.0,4.0,553,0.0,1,1.0,3
1750,1,1.0,29,0.0,2.0,1475,1.0,1,2.0,2
1751,1,1.0,43,1.0,4.0,1391,0.0,1,2.0,2
1752,0,0.0,25,0.0,7.0,675,5.0,1,1.0,3
1753,1,1.0,75,0.0,3.0,590,0.0,1,1.0,3
1754,1,0.0,22,0.0,1.0,1406,0.0,1,5.0,2
1755,0,1.0,86,0.0,9.0,569,1.0,1,1.0,3
1756,1,1.0,50,1.0,4.0,878,1.0,1,2.0,1
1757,0,1.0,73,0.0,3.0,1583,1.0,3,9.0,0
1759,0,1.0,49,1.0,5.0,613,0.0,2,4.0,3
1760,0,1.0,46,1.0,6.0,849,1.0,3,5.0,1
1761,0,1.0,73,0.0,6.0,1060,0.0,3,2.0,1
1762,1,1.0,87,1.0,3.0,637,1.0,3,2.0,3
1763,0,1.0,53,0.0,6.0,1591,2.0,3,4.0,0
1764,0,1.0,84,1.0,3.0,1330,1.0,3,2.0,2
1765,0,1.0,47,1.0,6.0,694,3.0,3,3.0,3
1766,0,1.0,59,0.0,6.0,1784,1.0,3,4.0,0
1767,0,1.0,82,0.0,3.0,594,1.0,1,1.0,3
1768,1,1.0,71,1.0,3.0,639,0.0,3,2.0,3
1769,0,1.0,39,1.0,5.0,658,9.0,2,2.0,3
1770,1,0.0,25,0.0,7.0,638,0.0,1,2.0,3
1771,0,1.0,67,1.0,6.0,529,1.0,3,2.0,3
1772,1,1.0,83,1.0,3.0,1077,13.0,3,2.0,1
1773,0,1.0,49,0.0,6.0,544,0.0,3,4.0,3
1774,1,1.0,87,0.0,3.0,621,0.0,3,2.0,3
1775,0,1.0,69,0.0,3.0,1448,1.0,2,2.0,2
1776,0,1.0,40,1.0,4.0,1364,9.0,2,2.0,2
1777,0,1.0,87,1.0,3.0,659,1.0,3,2.0,3
1778,0,1.0,68,1.0,1.0,1100,0.0,2,3.0,1
1780,0,1.0,67,1.0,5.0,1713,0.0,3,5.0,0
1781,0,1.0,80,1.0,3.0,717,1.0,1,1.0,3
1782,0,1.0,65,1.0,3.0,582,1.0,1,1.0,3
1783,0,0.0,29,1.0,7.0,1587,0.0,1,4.0,0
1785,0,1.0,72,1.0,6.0,826,1.0,3,2.0,1
1786,0,1.0,57,1.0,7.0,763,0.0,1,1.0,1
1787,0,1.0,47,1.0,6.0,645,1.0,3,4.0,3
1788,0,1.0,39,0.0,4.0,645,1.0,2,2.0,3
1789,0,1.0,62,1.0,5.0,609,0.0,3,2.0,3
1790,1,1.0,81,1.0,3.0,1656,1.0,1,1.0,0
1791,0,1.0,65,0.0,6.0,563,8.0,2,2.0,3
1793,1,1.0,40,1.0,5.0,504,8.0,2,2.0,3
1794,1,1.0,86,0.0,3.0,838,0.0,3,2.0,1
1795,0,1.0,67,1.0,3.0,573,0.0,3,2.0,3
1796,1,1.0,45,1.0,5.0,595,0.0,2,5.0,3
1797,1,0.0,27,1.0,1.0,1459,1.0,1,4.0,2
1798,1,0.0,32,1.0,5.0,1674,7.0,1,1.0,0
1799,1,1.0,41,1.0,5.0,1677,3.0,2,2.0,0
1800,1,1.0,27,1.0,1.0,630,6.0,2,2.0,3
1801,1,1.0,58,0.0,5.0,1086,0.0,2,3.0,1
1802,1,1.0,61,1.0,4.0,620,1.0,2,5.0,3
1803,0,1.0,52,1.0,5.0,545,0.0,2,2.0,3
1804,0,0.0,25,1.0,7.0,1518,8.0,1,1.0,2
1805,0,0.0,33,1.0,1.0,721,2.0,1,3.0,3
1807,0,0.0,37,1.0,4.0,873,1.0,1,1.0,1
1808,0,1.0,38,1.0,5.0,693,1.0,2,2.0,3
1809,0,1.0,81,1.0,3.0,592,0.0,1,1.0,3
1810,0,1.0,61,1.0,6.0,713,0.0,3,3.0,3
1811,0,0.0,20,0.0,1.0,1455,0.0,1,3.0,2
1812,1,1.0,48,1.0,5.0,617,8.0,3,4.0,3
1813,1,1.0,43,1.0,5.0,1034,8.0,2,2.0,1
1814,1,0.0,22,0.0,8.0,897,0.0,1,4.0,1
1815,1,1.0,63,1.0,5.0,1508,1.0,2,4.0,2
1816,1,0.0,25,1.0,1.0,1513,8.0,1,1.0,2
1817,1,0.0,73,1.0,3.0,805,1.0,1,1.0,1
1818,1,1.0,43,0.0,5.0,676,4.0,2,4.0,3
1819,1,1.0,39,0.0,7.0,592,1.0,2,4.0,3
1820,1,1.0,49,1.0,5.0,1401,0.0,2,4.0,2
1821,1,1.0,83,1.0,3.0,601,1.0,3,2.0,3
1822,0,0.0,22,0.0,1.0,1326,9.0,1,6.0,2
1823,1,0.0,31,1.0,5.0,1050,2.0,1,2.0,1
1824,1,1.0,60,1.0,5.0,833,1.0,3,4.0,1
1825,0,1.0,42,1.0,4.0,520,1.0,2,4.0,3
1826,0,0.0,25,0.0,4.0,690,7.0,1,4.0,3
1827,0,0.0,29,1.0,1.0,1460,3.0,1,3.0,2
1828,0,1.0,29,1.0,1.0,523,1.0,1,2.0,3
1829,0,1.0,39,1.0,4.0,598,2.0,2,2.0,3
1830,0,1.0,33,0.0,2.0,1041,14.0,1,1.0,1
1831,0,1.0,35,1.0,6.0,674,9.0,3,4.0,3
1832,0,1.0,38,0.0,4.0,856,2.0,1,3.0,1
1833,0,1.0,59,1.0,5.0,875,1.0,3,2.0,1
1834,0,1.0,67,0.0,5.0,584,1.0,2,2.0,3
1835,0,1.0,45,1.0,5.0,1020,1.0,1,1.0,1
1837,0,0.0,19,0.0,1.0,606,5.0,1,4.0,3
1838,1,0.0,23,0.0,1.0,1303,0.0,1,4.0,2
1839,0,0.0,22,0.0,1.0,507,1.0,1,4.0,3
1840,1,0.0,23,1.0,1.0,700,1.0,1,4.0,3
1841,0,1.0,80,0.0,6.0,837,0.0,1,1.0,1
1842,0,1.0,40,0.0,2.0,629,14.0,2,5.0,3
1843,0,0.0,36,1.0,5.0,796,0.0,1,1.0,1
1844,1,1.0,31,0.0,2.0,518,8.0,1,4.0,3
1845,1,1.0,20,0.0,2.0,1064,1.0,1,2.0,1
1846,0,1.0,31,1.0,6.0,695,1.0,3,2.0,3
1847,0,1.0,50,1.0,6.0,759,0.0,3,5.0,1
1848,0,1.0,67,0.0,3.0,1468,0.0,1,2.0,2
1850,1,1.0,85,1.0,3.0,1493,5.0,3,3.0,2
1851,1,1.0,65,1.0,5.0,747,1.0,2,3.0,3
1852,0,1.0,71,0.0,6.0,897,1.0,2,4.0,1
1853,1,0.0,20,0.0,1.0,515,1.0,1,6.0,3
1854,0,0.0,20,0.0,1.0,867,0.0,1,5.0,1
1856,1,1.0,37,1.0,5.0,582,4.0,1,2.0,3
1857,0,1.0,59,0.0,4.0,669,1.0,2,2.0,3
1858,1,0.0,29,1.0,5.0,1550,3.0,1,4.0,0
1859,0,1.0,85,1.0,6.0,870,0.0,3,2.0,1
1860,1,1.0,72,1.0,3.0,807,1.0,3,2.0,1
1862,1,1.0,45,1.0,5.0,697,9.0,2,2.0,3
1863,0,1.0,59,1.0,4.0,1694,1.0,2,4.0,0
1864,0,0.0,19,0.0,7.0,622,0.0,1,5.0,3
1865,1,1.0,47,1.0,5.0,685,0.0,2,3.0,3
1866,1,1.0,73,1.0,5.0,665,0.0,3,2.0,3
1867,1,1.0,42,0.0,5.0,508,1.0,1,1.0,3
1868,1,0.0,37,1.0,7.0,882,7.0,1,5.0,1
1869,1,0.0,38,1.0,5.0,618,8.0,1,1.0,3
1870,1,0.0,41,1.0,5.0,557,1.0,1,1.0,3
1871,1,0.0,40,1.0,4.0,735,0.0,1,1.0,3
1872,1,1.0,30,1.0,4.0,1492,0.0,1,4.0,2
1873,0,1.0,56,1.0,5.0,698,0.0,3,2.0,3
1874,1,1.0,65,1.0,3.0,701,1.0,3,2.0,3
1875,0,1.0,35,1.0,5.0,1494,5.0,2,2.0,2
1876,1,1.0,37,0.0,2.0,1456,0.0,2,5.0,2
1877,0,0.0,36,1.0,4.0,1542,0.0,1,1.0,0
1880,0,0.0,30,0.0,1.0,863,0.0,1,4.0,1
1882,0,0.0,30,0.0,5.0,594,0.0,1,3.0,3
1883,0,1.0,46,1.0,4.0,864,1.0,2,4.0,1
1884,1,0.0,38,1.0,2.0,864,1.0,1,1.0,1
1886,1,0.0,31,1.0,5.0,1596,5.0,1,1.0,0
1887,0,1.0,45,1.0,6.0,852,4.0,3,5.0,1
1888,0,1.0,55,0.0,2.0,715,1.0,1,5.0,3
1889,1,1.0,51,1.0,2.0,1412,2.0,1,1.0,2
1890,1,0.0,29,1.0,8.0,542,5.0,1,7.0,3
1891,1,1.0,74,1.0,5.0,520,1.0,3,2.0,3
1892,0,1.0,69,0.0,4.0,829,1.0,2,3.0,1
1896,0,1.0,39,1.0,5.0,1056,0.0,1,1.0,1
1898,1,0.0,59,1.0,5.0,796,4.0,1,1.0,1
1899,0,0.0,27,0.0,1.0,1569,1.0,1,3.0,0
1900,0,0.0,33,0.0,5.0,698,0.0,1,1.0,3
1901,0,0.0,31,0.0,4.0,865,9.0,1,2.0,1
1902,0,1.0,46,0.0,5.0,788,0.0,2,3.0,1
1903,1,1.0,63,1.0,5.0,835,0.0,1,2.0,1
1904,0,0.0,22,0.0,1.0,1746,1.0,1,4.0,0
1905,1,0.0,53,1.0,2.0,1746,1.0,1,5.0,0
1906,0,1.0,59,0.0,4.0,717,1.0,1,1.0,3
1908,0,1.0,63,1.0,5.0,548,1.0,2,4.0,3
1909,0,1.0,35,1.0,5.0,1411,8.0,1,1.0,2
1910,0,0.0,21,0.0,1.0,743,1.0,1,4.0,3
1911,0,1.0,67,0.0,3.0,505,0.0,3,2.0,3
1912,1,1.0,41,1.0,5.0,1501,1.0,2,3.0,2
1913,1,0.0,27,1.0,5.0,622,0.0,1,8.0,3
1914,1,1.0,53,1.0,5.0,800,1.0,2,2.0,1
1915,1,0.0,33,1.0,1.0,1603,4.0,1,8.0,0
1916,1,0.0,32,0.0,7.0,746,0.0,1,4.0,3
1918,1,1.0,50,1.0,5.0,861,1.0,3,5.0,1
1919,1,1.0,50,1.0,5.0,1534,1.0,2,4.0,0
1920,1,1.0,41,1.0,1.0,896,1.0,2,2.0,1
1922,1,0.0,33,1.0,1.0,1571,1.0,1,6.0,0
1924,1,0.0,78,1.0,3.0,558,1.0,1,3.0,3
1926,1,0.0,40,1.0,1.0,844,8.0,1,1.0,1
1927,0,1.0,43,1.0,6.0,814,2.0,3,3.0,1
1928,0,1.0,36,1.0,5.0,1579,0.0,3,3.0,0
1929,0,1.0,35,1.0,4.0,1435,1.0,2,2.0,2
1930,0,0.0,30,0.0,1.0,879,0.0,1,4.0,1
1931,0,1.0,47,0.0,4.0,1442,3.0,2,2.0,2
1932,0,1.0,69,0.0,5.0,1442,0.0,1,1.0,2
1934,0,1.0,33,0.0,6.0,1317,4.0,1,6.0,2
1935,0,0.0,27,1.0,1.0,1450,6.0,1,5.0,2
1936,0,1.0,38,1.0,2.0,622,6.0,1,2.0,3
1938,0,1.0,27,1.0,5.0,1481,10.0,1,2.0,2
1940,1,1.0,52,1.0,2.0,679,4.0,1,1.0,3
1941,0,0.0,53,1.0,7.0,551,0.0,1,1.0,3
1942,0,1.0,43,1.0,5.0,803,8.0,2,2.0,1
1943,0,1.0,42,1.0,7.0,612,8.0,1,2.0,3
1944,0,0.0,36,1.0,7.0,581,9.0,1,1.0,3
1945,0,0.0,36,1.0,5.0,798,14.0,1,2.0,1
1946,1,0.0,40,1.0,1.0,1602,1.0,1,1.0,0
1947,0,1.0,47,1.0,4.0,539,2.0,2,3.0,3
1948,0,0.0,30,0.0,7.0,1019,1.0,1,2.0,1
1950,0,1.0,45,1.0,5.0,680,5.0,2,2.0,3
1951,0,0.0,33,1.0,1.0,572,0.0,1,5.0,3
1952,1,0.0,40,1.0,5.0,618,8.0,1,2.0,3
1953,1,1.0,36,1.0,9.0,752,5.0,1,1.0,3
1954,0,0.0,32,0.0,2.0,1036,0.0,1,4.0,1
1955,1,1.0,51,1.0,5.0,771,0.0,1,2.0,1
1956,1,0.0,49,1.0,5.0,551,0.0,1,1.0,3
1958,0,1.0,72,1.0,5.0,1358,1.0,2,4.0,2
1959,1,0.0,70,1.0,5.0,1702,0.0,1,2.0,0
1960,0,0.0,21,0.0,1.0,729,0.0,1,3.0,3
1961,0,0.0,21,0.0,1.0,1636,1.0,1,5.0,0
1962,1,1.0,41,0.0,4.0,512,4.0,2,4.0,3
1963,1,0.0,49,0.0,2.0,591,12.0,1,1.0,3
1964,1,0.0,51,0.0,4.0,663,0.0,1,1.0,3
1965,0,1.0,28,0.0,1.0,674,0.0,2,5.0,3
1966,0,0.0,37,1.0,1.0,548,5.0,1,2.0,3
1968,0,0.0,19,0.0,1.0,1428,8.0,1,4.0,2
1970,1,1.0,51,0.0,5.0,1596,6.0,1,1.0,0
1971,0,1.0,26,0.0,4.0,742,3.0,1,2.0,3
1972,0,1.0,61,0.0,5.0,1690,0.0,1,1.0,0
1973,1,1.0,51,1.0,5.0,1323,0.0,2,4.0,2
1974,1,1.0,45,1.0,5.0,828,0.0,2,3.0,1
1975,0,1.0,29,1.0,4.0,1574,1.0,3,2.0,0
1977,0,0.0,25,1.0,7.0,1039,1.0,1,2.0,1
1978,0,0.0,40,0.0,9.0,634,0.0,1,5.0,3
1980,0,1.0,32,1.0,4.0,545,1.0,2,2.0,3
1981,0,1.0,38,1.0,5.0,693,0.0,1,3.0,3
1982,1,0.0,38,1.0,5.0,1063,8.0,1,2.0,1
1983,1,1.0,48,1.0,2.0,799,7.0,1,3.0,1
1984,1,0.0,71,1.0,7.0,1010,0.0,1,1.0,1
1985,1,1.0,46,1.0,5.0,765,3.0,1,3.0,1
1986,1,1.0,46,1.0,5.0,1312,9.0,1,2.0,2
1987,1,1.0,49,1.0,5.0,615,7.0,1,2.0,3
1988,0,1.0,43,0.0,4.0,547,0.0,1,3.0,3
1989,1,0.0,38,1.0,5.0,1347,6.0,1,4.0,2
1990,0,0.0,25,1.0,1.0,554,8.0,1,4.0,3
1991,1,1.0,46,1.0,2.0,784,0.0,1,4.0,1
1992,1,0.0,28,1.0,2.0,734,9.0,1,3.0,3
1993,1,0.0,41,1.0,4.0,547,5.0,1,4.0,3
1994,1,0.0,32,1.0,5.0,1611,9.0,1,5.0,0
1995,1,0.0,21,0.0,1.0,522,0.0,1,4.0,3
1996,0,0.0,22,0.0,1.0,1413,1.0,1,6.0,2
1997,0,0.0,27,0.0,1.0,803,0.0,1,5.0,1
1998,0,1.0,40,1.0,5.0,1557,0.0,2,2.0,0
1999,1,1.0,68,0.0,2.0,688,0.0,1,1.0,3
2000,1,0.0,25,0.0,8.0,713,1.0,1,7.0,3
2001,0,0.0,28,0.0,1.0,677,1.0,1,4.0,3
2002,0,0.0,28,0.0,9.0,610,2.0,1,8.0,3
2003,0,0.0,27,0.0,4.0,1481,1.0,1,3.0,2
2004,0,1.0,67,0.0,4.0,679,5.0,2,4.0,3
2005,0,1.0,46,0.0,6.0,1598,4.0,1,9.0,0
2006,1,0.0,33,0.0,4.0,627,8.0,1,4.0,3
2007,1,1.0,40,1.0,7.0,1458,6.0,2,3.0,2
2009,0,1.0,42,0.0,6.0,692,0.0,3,5.0,3
2011,1,0.0,51,1.0,2.0,610,3.0,1,1.0,3
2012,1,0.0,27,1.0,1.0,645,0.0,1,1.0,3
2013,1,0.0,25,1.0,7.0,880,7.0,1,3.0,1
2014,1,1.0,51,0.0,5.0,702,9.0,3,2.0,3
2016,1,0.0,35,1.0,7.0,522,0.0,1,1.0,3
2018,0,0.0,30,0.0,1.0,1352,6.0,1,3.0,2
2019,1,0.0,41,1.0,1.0,1011,9.0,1,1.0,1
2020,0,1.0,42,1.0,5.0,532,6.0,1,3.0,3
2021,1,1.0,40,1.0,5.0,572,8.0,3,5.0,3
2022,0,0.0,36,1.0,4.0,811,13.0,1,1.0,1
2023,1,0.0,39,1.0,5.0,677,9.0,1,1.0,3
2024,0,1.0,40,1.0,6.0,824,7.0,3,3.0,1
2025,1,1.0,40,1.0,2.0,864,1.0,2,2.0,1
2026,0,0.0,28,1.0,5.0,1451,9.0,1,6.0,2
2028,0,0.0,41,1.0,5.0,852,4.0,1,1.0,1
2029,1,0.0,28,1.0,2.0,628,9.0,1,5.0,3
2030,0,0.0,30,1.0,1.0,647,1.0,1,1.0,3
2031,1,0.0,30,1.0,1.0,1090,1.0,1,1.0,1
2032,1,0.0,38,1.0,5.0,600,9.0,1,2.0,3
2033,0,1.0,43,1.0,5.0,1455,7.0,1,1.0,2
2034,0,0.0,29,1.0,4.0,636,9.0,1,1.0,3
2035,1,0.0,30,1.0,1.0,659,9.0,1,3.0,3
2036,0,1.0,27,1.0,1.0,1411,0.0,1,2.0,2
2037,1,1.0,48,1.0,5.0,505,0.0,2,2.0,3
2038,1,0.0,51,1.0,5.0,511,1.0,1,1.0,3
2039,1,0.0,48,1.0,9.0,1099,0.0,1,1.0,1
2040,1,0.0,28,1.0,9.0,692,9.0,1,1.0,3
2041,1,0.0,40,1.0,5.0,1400,3.0,1,1.0,2
2042,0,1.0,51,1.0,5.0,611,1.0,1,2.0,3
2043,1,1.0,36,0.0,9.0,611,8.0,1,2.0,3
2044,1,0.0,51,1.0,9.0,747,9.0,1,1.0,3
2045,0,1.0,45,1.0,6.0,605,5.0,3,4.0,3
2046,0,0.0,40,1.0,5.0,1754,8.0,1,1.0,0
2047,0,0.0,40,1.0,5.0,1458,0.0,1,1.0,2
2048,0,1.0,41,1.0,5.0,540,2.0,1,2.0,3
2049,0,1.0,43,1.0,4.0,1315,0.0,2,4.0,2
2051,0,0.0,23,0.0,1.0,509,1.0,1,4.0,3
2052,1,0.0,31,0.0,7.0,577,0.0,1,3.0,3
2053,1,1.0,42,1.0,4.0,793,6.0,1,2.0,1
2054,0,1.0,61,0.0,5.0,892,0.0,1,1.0,1
2055,1,1.0,45,1.0,8.0,1483,0.0,1,1.0,2
2056,1,1.0,63,1.0,5.0,709,5.0,1,1.0,3
2057,0,1.0,86,0.0,3.0,522,0.0,1,1.0,3
2060,1,1.0,43,0.0,4.0,666,14.0,1,2.0,3
2062,0,1.0,47,0.0,4.0,602,0.0,1,2.0,3
2063,1,1.0,53,1.0,5.0,626,0.0,2,4.0,3
2064,1,1.0,36,0.0,4.0,1323,1.0,2,2.0,2
2066,1,1.0,48,1.0,5.0,1033,1.0,3,4.0,1
2067,1,1.0,60,1.0,5.0,1022,3.0,1,3.0,1
2069,1,1.0,42,0.0,2.0,843,0.0,1,2.0,1
2070,1,1.0,89,1.0,3.0,1666,1.0,1,1.0,0
2071,1,0.0,23,0.0,9.0,551,4.0,1,2.0,3
2072,0,1.0,46,1.0,8.0,853,11.0,1,1.0,1
2074,1,0.0,30,0.0,1.0,821,0.0,1,7.0,1
2076,0,1.0,73,1.0,5.0,714,0.0,2,4.0,3
2077,1,1.0,71,1.0,3.0,652,0.0,1,1.0,3
2078,1,1.0,35,0.0,2.0,659,0.0,1,5.0,3
2079,0,1.0,52,1.0,4.0,872,1.0,2,4.0,1
2080,0,1.0,84,1.0,3.0,627,0.0,1,2.0,3
2081,0,1.0,47,1.0,4.0,568,1.0,2,5.0,3
2082,0,1.0,39,0.0,6.0,687,0.0,1,2.0,3
2083,1,1.0,40,0.0,2.0,837,0.0,1,3.0,1
2084,1,0.0,46,1.0,5.0,684,1.0,1,1.0,3
2085,0,0.0,40,1.0,5.0,603,3.0,1,2.0,3
2086,1,0.0,27,0.0,5.0,767,1.0,1,6.0,1
2087,1,0.0,23,0.0,1.0,1377,4.0,1,4.0,2
2088,1,0.0,21,1.0,5.0,1618,1.0,1,2.0,0
2089,0,1.0,70,0.0,3.0,858,2.0,3,2.0,1
2090,0,1.0,28,1.0,4.0,862,1.0,1,2.0,1
2091,1,1.0,58,1.0,8.0,779,1.0,1,4.0,1
2092,1,1.0,27,1.0,4.0,1480,0.0,2,2.0,2
2093,1,1.0,49,0.0,2.0,1590,0.0,2,5.0,0
2094,1,1.0,37,0.0,2.0,1793,8.0,2,3.0,0
2095,0,1.0,39,0.0,4.0,521,1.0,2,4.0,3
2096,1,0.0,28,0.0,7.0,1040,2.0,1,4.0,1
2097,0,1.0,73,0.0,4.0,1660,0.0,2,2.0,0
2098,1,1.0,51,1.0,5.0,841,1.0,2,5.0,1
2099,1,1.0,48,1.0,7.0,501,8.0,2,3.0,3
2102,1,1.0,67,1.0,7.0,790,0.0,1,1.0,1
2103,0,1.0,77,1.0,3.0,699,0.0,3,2.0,3
2104,0,1.0,46,1.0,5.0,892,3.0,2,3.0,1
2105,1,1.0,52,1.0,5.0,824,1.0,2,4.0,1
2106,0,1.0,67,0.0,3.0,572,1.0,1,1.0,3
2107,0,1.0,62,1.0,7.0,832,0.0,2,4.0,1
2108,0,1.0,45,1.0,7.0,519,8.0,2,3.0,3
2109,0,1.0,40,1.0,7.0,1395,1.0,2,5.0,2
2110,1,1.0,60,1.0,5.0,1637,4.0,2,2.0,0
2111,1,1.0,37,1.0,7.0,1519,8.0,2,4.0,2
2112,0,1.0,69,0.0,6.0,897,2.0,3,1.0,1
2113,1,1.0,58,1.0,5.0,702,1.0,3,4.0,3
2115,0,0.0,20,0.0,1.0,1690,2.0,1,5.0,0
2117,0,1.0,66,1.0,5.0,1591,0.0,1,1.0,0
2118,0,0.0,19,0.0,1.0,518,1.0,1,3.0,3
2119,1,1.0,53,1.0,5.0,1794,0.0,2,5.0,0
2120,1,1.0,59,1.0,8.0,1445,6.0,1,1.0,2
2121,1,1.0,61,1.0,5.0,862,0.0,2,4.0,1
2122,1,1.0,68,1.0,2.0,1720,1.0,1,2.0,0
2123,0,0.0,20,0.0,1.0,1551,1.0,1,3.0,0
2124,0,0.0,20,0.0,1.0,511,1.0,1,4.0,3
2126,0,0.0,19,0.0,1.0,1569,1.0,1,3.0,0
2127,1,0.0,27,0.0,1.0,672,1.0,1,4.0,3
2129,1,1.0,67,1.0,5.0,1458,0.0,2,3.0,2
2130,0,0.0,27,0.0,4.0,550,1.0,1,3.0,3
2132,1,0.0,32,0.0,7.0,1000,1.0,1,5.0,1
2135,1,0.0,19,0.0,1.0,1555,1.0,1,5.0,0
2136,1,1.0,52,1.0,5.0,808,1.0,2,5.0,1
2137,1,1.0,47,1.0,7.0,684,1.0,2,2.0,3
2138,0,0.0,19,0.0,1.0,1558,3.0,1,5.0,0
2140,1,1.0,79,0.0,3.0,1088,1.0,3,2.0,1
2141,1,0.0,19,0.0,1.0,684,1.0,1,4.0,3
2142,1,1.0,48,1.0,5.0,1342,0.0,1,3.0,2
2143,0,1.0,52,1.0,5.0,611,1.0,2,3.0,3
2144,0,0.0,23,0.0,1.0,1028,1.0,1,4.0,1
2145,1,1.0,58,1.0,5.0,1474,1.0,1,1.0,2
2146,1,1.0,69,1.0,2.0,631,1.0,1,1.0,3
2147,0,1.0,37,1.0,4.0,584,4.0,1,1.0,3
2148,1,0.0,30,0.0,1.0,591,0.0,1,3.0,3
2150,1,0.0,39,1.0,2.0,1015,8.0,1,2.0,1
2151,0,1.0,43,1.0,4.0,896,3.0,1,2.0,1
2152,1,0.0,32,0.0,2.0,700,0.0,1,1.0,3
2153,0,0.0,23,0.0,1.0,789,0.0,1,5.0,1
2154,1,0.0,30,0.0,1.0,1613,1.0,1,3.0,0
2155,1,1.0,41,0.0,2.0,627,1.0,1,2.0,3
2156,0,1.0,49,1.0,5.0,1551,1.0,2,2.0,0
2157,0,1.0,66,0.0,6.0,668,6.0,1,3.0,3
2158,1,1.0,67,1.0,7.0,800,1.0,1,2.0,1
2159,0,0.0,30,1.0,1.0,800,0.0,1,2.0,1
2160,1,0.0,39,1.0,7.0,889,6.0,1,1.0,1
2162,1,1.0,57,1.0,5.0,874,0.0,2,5.0,1
2163,0,1.0,63,1.0,6.0,1473,1.0,3,1.0,2
2164,1,1.0,52,0.0,8.0,1304,4.0,3,3.0,2
2166,0,1.0,35,1.0,4.0,1316,7.0,1,2.0,2
2167,0,1.0,52,1.0,5.0,1323,4.0,2,2.0,2
2168,1,1.0,45,1.0,2.0,549,2.0,3,2.0,3
2169,0,1.0,37,1.0,4.0,724,8.0,2,2.0,3
2170,1,1.0,45,1.0,2.0,1046,1.0,2,2.0,1
2173,1,1.0,42,0.0,4.0,1523,1.0,1,6.0,2
2174,1,1.0,39,1.0,7.0,1450,3.0,3,2.0,2
2175,0,0.0,18,0.0,1.0,523,0.0,1,3.0,3
2176,0,1.0,43,0.0,5.0,529,1.0,2,3.0,3
2177,0,1.0,50,0.0,6.0,1037,1.0,2,4.0,1
2178,0,1.0,37,1.0,5.0,1038,1.0,2,4.0,1
2179,1,0.0,37,1.0,2.0,867,1.0,1,1.0,1
2180,0,1.0,63,1.0,4.0,761,0.0,1,3.0,1
2181,0,1.0,83,1.0,3.0,503,1.0,1,2.0,3
2182,0,1.0,55,1.0,5.0,594,1.0,2,3.0,3
2183,0,1.0,71,1.0,5.0,807,1.0,1,3.0,1
2184,0,1.0,87,0.0,3.0,595,1.0,1,1.0,3
2185,1,1.0,49,1.0,4.0,624,2.0,2,5.0,3
2186,0,1.0,27,0.0,7.0,706,0.0,1,4.0,3
2187,1,1.0,25,0.0,9.0,889,1.0,1,4.0,1
2188,0,1.0,42,0.0,1.0,1097,0.0,1,2.0,1
2189,1,1.0,66,1.0,5.0,1001,4.0,1,2.0,1
2190,1,0.0,32,1.0,1.0,617,1.0,1,1.0,3
2191,1,1.0,32,1.0,7.0,679,4.0,1,2.0,3
2192,1,1.0,37,0.0,7.0,615,8.0,1,1.0,3
2194,1,0.0,33,1.0,1.0,806,3.0,1,4.0,1
2195,1,1.0,45,1.0,8.0,834,2.0,2,2.0,1
2197,1,1.0,37,1.0,5.0,1312,0.0,2,3.0,2
2198,0,0.0,30,1.0,7.0,619,4.0,1,4.0,3
2199,0,0.0,31,1.0,4.0,1448,5.0,1,3.0,2
2200,1,1.0,48,1.0,5.0,856,0.0,2,4.0,1
2202,1,1.0,36,1.0,7.0,742,8.0,1,2.0,3
2203,0,1.0,61,1.0,4.0,1300,0.0,2,6.0,2
2204,1,1.0,83,0.0,3.0,562,0.0,3,2.0,3
2205,0,1.0,77,0.0,3.0,713,1.0,3,2.0,3
2206,1,1.0,46,1.0,5.0,836,3.0,3,3.0,1
2207,0,1.0,48,1.0,2.0,503,0.0,2,3.0,3
2208,0,0.0,19,0.0,1.0,1582,0.0,1,5.0,0
2209,0,0.0,21,0.0,1.0,1529,1.0,1,3.0,2
2211,0,0.0,27,0.0,1.0,722,0.0,1,5.0,3
2212,1,1.0,49,0.0,9.0,1397,0.0,1,1.0,2
2213,0,0.0,19,0.0,1.0,536,1.0,1,4.0,3
2214,1,0.0,53,1.0,4.0,757,1.0,1,1.0,1
2215,0,0.0,29,1.0,5.0,1422,8.0,1,1.0,2
2216,0,0.0,23,0.0,1.0,1097,3.0,1,4.0,1
2217,0,1.0,84,1.0,3.0,888,1.0,3,2.0,1
2218,0,0.0,38,1.0,4.0,1054,0.0,1,4.0,1
2219,0,0.0,26,1.0,7.0,552,11.0,1,2.0,3
2220,1,0.0,19,0.0,1.0,1092,1.0,1,4.0,1
2222,0,1.0,20,0.0,4.0,629,0.0,1,2.0,3
2223,0,1.0,36,1.0,1.0,644,0.0,1,3.0,3
2224,0,0.0,18,0.0,1.0,818,1.0,1,3.0,1
2225,1,0.0,20,0.0,1.0,519,7.0,1,4.0,3
2226,1,0.0,18,0.0,9.0,686,1.0,1,4.0,3
2227,0,1.0,32,0.0,5.0,1087,7.0,2,2.0,1
2228,1,0.0,18,0.0,1.0,760,0.0,1,4.0,1
2229,0,0.0,18,0.0,1.0,574,0.0,1,2.0,3
2230,1,0.0,21,0.0,1.0,697,8.0,1,4.0,3
2231,1,1.0,75,1.0,5.0,645,1.0,3,2.0,3
2232,0,1.0,37,1.0,2.0,1069,0.0,2,2.0,1
2233,1,1.0,35,1.0,2.0,542,1.0,1,3.0,3
2234,0,0.0,20,0.0,1.0,1093,9.0,1,3.0,1
2236,0,0.0,33,0.0,1.0,1576,8.0,1,4.0,0
2237,0,1.0,58,1.0,5.0,1076,0.0,1,3.0,1
2238,0,0.0,20,0.0,1.0,1042,1.0,1,5.0,1
2239,0,1.0,50,1.0,5.0,1641,4.0,2,2.0,0
2241,1,0.0,27,0.0,1.0,828,8.0,1,3.0,1
2242,1,1.0,58,1.0,7.0,1323,1.0,2,2.0,2
2243,0,1.0,62,0.0,6.0,1318,1.0,1,2.0,2
2244,0,1.0,79,1.0,9.0,1393,0.0,3,2.0,2
2245,1,0.0,19,0.0,1.0,507,1.0,1,4.0,3
2247,0,1.0,36,1.0,5.0,837,1.0,2,2.0,1
2248,1,1.0,29,1.0,1.0,1509,1.0,1,2.0,2
2250,1,0.0,22,0.0,1.0,583,0.0,1,4.0,3
2251,0,0.0,21,0.0,1.0,1312,1.0,1,3.0,2
2252,0,0.0,22,0.0,1.0,1425,0.0,1,3.0,2
2253,0,0.0,28,1.0,5.0,500,9.0,1,3.0,3
2254,1,1.0,48,1.0,5.0,587,3.0,2,4.0,3
2255,0,1.0,48,1.0,7.0,835,3.0,2,2.0,1
2256,0,1.0,66,0.0,3.0,1474,0.0,1,3.0,2
2257,1,1.0,47,1.0,8.0,1474,1.0,1,4.0,2
2258,1,1.0,68,1.0,5.0,621,1.0,3,4.0,3
2260,1,1.0,59,0.0,3.0,649,0.0,1,1.0,3
2261,0,1.0,38,1.0,7.0,852,7.0,2,2.0,1
2262,1,1.0,76,0.0,3.0,1496,1.0,3,2.0,2
2263,1,1.0,40,1.0,2.0,605,3.0,1,2.0,3
2264,1,1.0,49,1.0,2.0,868,0.0,3,2.0,1
2267,1,1.0,69,1.0,3.0,656,0.0,3,2.0,3
2271,0,1.0,36,1.0,1.0,573,1.0,1,1.0,3
2272,1,1.0,67,1.0,5.0,689,0.0,2,2.0,3
2273,1,1.0,37,1.0,5.0,885,1.0,2,3.0,1
2275,0,1.0,51,1.0,7.0,1386,1.0,2,4.0,2
2276,1,1.0,67,1.0,3.0,700,1.0,1,2.0,3
2277,1,0.0,29,1.0,4.0,691,1.0,1,4.0,3
2278,1,1.0,76,1.0,3.0,1567,0.0,1,2.0,0
2279,0,1.0,86,1.0,3.0,670,0.0,1,1.0,3
2280,1,1.0,51,1.0,8.0,686,9.0,2,2.0,3
2281,0,1.0,35,1.0,4.0,801,1.0,1,2.0,1
2282,0,0.0,30,0.0,7.0,869,3.0,1,2.0,1
2283,0,1.0,47,1.0,7.0,794,0.0,2,2.0,1
2284,0,1.0,81,0.0,3.0,1776,0.0,1,1.0,0
2285,1,1.0,85,0.0,3.0,1404,0.0,1,1.0,2
2287,1,0.0,21,0.0,1.0,844,2.0,1,3.0,1
2291,1,0.0,41,0.0,2.0,885,1.0,1,1.0,1
2292,0,0.0,18,0.0,1.0,1752,0.0,1,3.0,0
2295,0,0.0,23,0.0,1.0,710,0.0,1,3.0,3
2296,0,0.0,31,0.0,1.0,601,1.0,1,5.0,3
2297,0,1.0,82,1.0,3.0,666,0.0,3,2.0,3
2298,0,1.0,84,0.0,6.0,591,1.0,3,2.0,3
2299,0,1.0,41,1.0,4.0,1579,1.0,1,2.0,0
2300,1,1.0,66,1.0,5.0,824,0.0,2,2.0,1
2301,0,1.0,57,1.0,5.0,779,5.0,1,2.0,1
2302,0,0.0,20,0.0,1.0,820,3.0,1,4.0,1
2303,1,0.0,32,0.0,8.0,646,14.0,1,1.0,3
2304,1,0.0,29,0.0,8.0,1376,11.0,1,1.0,2
2306,0,1.0,38,1.0,4.0,642,1.0,2,3.0,3
2307,1,1.0,43,0.0,7.0,1436,1.0,1,1.0,2
2308,1,0.0,42,0.0,9.0,1485,1.0,1,1.0,2
2309,1,1.0,48,0.0,8.0,1040,8.0,1,1.0,1
2310,0,1.0,62,1.0,5.0,1701,0.0,1,1.0,0
2311,0,0.0,63,1.0,5.0,539,0.0,1,2.0,3
2312,0,1.0,60,1.0,4.0,598,1.0,1,2.0,3
2313,0,1.0,63,1.0,5.0,598,1.0,1,2.0,3
2314,0,1.0,62,1.0,4.0,1050,9.0,1,1.0,1
2316,0,1.0,63,1.0,5.0,576,0.0,2,1.0,3
2317,0,0.0,19,0.0,1.0,1054,6.0,1,4.0,1
2318,1,0.0,21,0.0,8.0,655,8.0,1,1.0,3
2320,0,0.0,22,0.0,2.0,837,6.0,1,5.0,1
2321,0,1.0,60,0.0,3.0,858,1.0,3,3.0,1
2322,0,1.0,59,1.0,5.0,619,8.0,1,1.0,3
2323,0,1.0,73,0.0,3.0,859,1.0,3,2.0,1
2324,1,1.0,52,1.0,5.0,858,0.0,3,3.0,1
2325,1,1.0,66,0.0,7.0,1390,9.0,2,2.0,2
2326,0,1.0,61,0.0,4.0,806,1.0,1,4.0,1
2327,1,1.0,61,1.0,5.0,542,1.0,1,1.0,3
2328,1,1.0,61,1.0,5.0,689,2.0,2,2.0,3
2329,0,1.0,59,1.0,4.0,552,1.0,2,2.0,3
2330,0,1.0,51,1.0,5.0,898,1.0,1,1.0,1
2331,1,1.0,36,1.0,8.0,562,9.0,1,2.0,3
2332,0,0.0,71,1.0,6.0,504,9.0,1,3.0,3
2333,0,1.0,48,1.0,5.0,1401,1.0,2,2.0,2
2334,0,1.0,43,1.0,4.0,568,9.0,2,2.0,3
2335,1,0.0,36,1.0,5.0,1026,9.0,1,1.0,1
2337,0,0.0,33,1.0,1.0,715,1.0,1,3.0,3
2338,1,0.0,31,1.0,5.0,1699,1.0,1,6.0,0
2339,0,1.0,57,1.0,5.0,795,1.0,2,3.0,1
2340,1,0.0,33,0.0,8.0,1601,2.0,1,4.0,0
2341,0,0.0,30,1.0,5.0,1037,1.0,1,5.0,1
2342,0,1.0,26,0.0,7.0,791,8.0,2,2.0,1
2343,1,0.0,29,0.0,2.0,835,1.0,1,3.0,1
2344,1,0.0,42,1.0,9.0,687,0.0,1,1.0,3
2345,1,0.0,30,0.0,7.0,1024,0.0,1,5.0,1
2346,1,0.0,18,0.0,2.0,1564,1.0,1,5.0,0
2347,0,0.0,18,0.0,1.0,616,5.0,1,4.0,3
2348,0,1.0,80,0.0,6.0,624,0.0,3,2.0,3
2349,0,0.0,35,0.0,2.0,511,7.0,1,2.0,3
2350,0,1.0,45,1.0,4.0,553,1.0,2,2.0,3
2351,0,0.0,42,1.0,2.0,1322,8.0,1,1.0,2
2353,0,1.0,38,1.0,5.0,1042,1.0,1,2.0,1
2354,0,1.0,41,1.0,5.0,892,1.0,2,7.0,1
2355,0,0.0,45,1.0,4.0,756,1.0,1,2.0,3
2356,0,1.0,57,1.0,5.0,862,1.0,1,1.0,1
2357,1,0.0,33,1.0,1.0,601,5.0,1,4.0,3
2358,1,1.0,51,1.0,5.0,549,8.0,2,2.0,3
2359,0,1.0,85,0.0,6.0,1407,1.0,1,2.0,2
2360,1,0.0,30,0.0,4.0,694,0.0,1,3.0,3
2361,0,1.0,38,1.0,2.0,1460,1.0,2,3.0,2
2362,0,1.0,66,1.0,5.0,812,1.0,1,1.0,1
2363,0,0.0,40,1.0,5.0,831,0.0,1,2.0,1
2365,0,1.0,61,1.0,9.0,644,1.0,2,3.0,3
2366,0,1.0,65,1.0,6.0,1004,1.0,3,2.0,1
2367,0,1.0,37,0.0,9.0,504,0.0,3,4.0,3
2369,0,1.0,51,0.0,4.0,517,1.0,2,4.0,3
2372,1,1.0,73,1.0,2.0,665,0.0,1,2.0,3
2373,0,1.0,37,0.0,4.0,726,1.0,2,4.0,3
2374,1,1.0,55,1.0,2.0,538,0.0,1,1.0,3
2375,1,0.0,32,0.0,8.0,583,12.0,1,1.0,3
2376,1,0.0,28,1.0,5.0,589,0.0,1,3.0,3
2377,1,0.0,50,0.0,3.0,821,0.0,1,3.0,1
2378,0,1.0,38,1.0,4.0,833,1.0,1,2.0,1
2379,1,0.0,28,0.0,8.0,740,8.0,1,1.0,3
2380,0,0.0,46,1.0,4.0,1541,1.0,1,1.0,0
2382,0,1.0,39,1.0,6.0,1390,8.0,3,6.0,2
2384,1,1.0,37,1.0,8.0,697,9.0,3,2.0,3
2388,0,1.0,47,1.0,5.0,880,9.0,2,2.0,1
2390,0,1.0,43,1.0,1.0,705,1.0,1,3.0,3
2391,0,1.0,42,1.0,4.0,805,3.0,2,4.0,1
2392,0,0.0,29,1.0,5.0,822,0.0,1,3.0,1
2393,1,1.0,45,1.0,5.0,833,1.0,3,4.0,1
2394,0,1.0,88,1.0,5.0,769,1.0,1,2.0,1
2396,0,1.0,18,0.0,7.0,1063,0.0,1,4.0,1
2398,1,0.0,28,1.0,7.0,1413,1.0,1,3.0,2
2399,1,0.0,30,1.0,4.0,693,0.0,1,1.0,3
2401,1,0.0,27,1.0,5.0,1499,8.0,1,1.0,2
2402,1,1.0,53,1.0,2.0,730,0.0,2,4.0,3
2403,1,0.0,43,1.0,5.0,610,14.0,1,1.0,3
2404,0,0.0,19,0.0,1.0,630,1.0,1,4.0,3
2405,0,0.0,26,0.0,4.0,1579,1.0,1,2.0,0
2406,1,0.0,67,0.0,5.0,1302,1.0,1,2.0,2
2407,1,0.0,32,1.0,5.0,1739,1.0,1,2.0,0
2408,1,0.0,26,0.0,7.0,868,7.0,1,4.0,1
2409,1,0.0,29,0.0,2.0,1098,0.0,1,3.0,1
2410,1,0.0,33,1.0,5.0,850,9.0,1,1.0,1
2411,0,0.0,22,0.0,7.0,721,0.0,1,3.0,3
2412,1,0.0,27,0.0,2.0,1023,0.0,1,2.0,1
2413,0,0.0,30,0.0,1.0,505,1.0,1,4.0,3
2414,0,0.0,25,0.0,7.0,635,8.0,1,4.0,3
2418,0,1.0,56,1.0,3.0,587,0.0,1,4.0,3
2419,0,1.0,52,1.0,5.0,572,0.0,2,3.0,3
2422,1,1.0,49,1.0,5.0,612,1.0,1,1.0,3
2423,1,1.0,73,0.0,3.0,834,1.0,1,2.0,1
2424,0,1.0,36,1.0,7.0,544,2.0,2,2.0,3
2425,1,0.0,36,1.0,2.0,712,4.0,1,1.0,3
2426,0,1.0,71,1.0,3.0,858,1.0,3,3.0,1
2427,1,1.0,55,1.0,5.0,1461,0.0,1,2.0,2
2428,0,1.0,35,1.0,4.0,537,1.0,2,2.0,3
2429,0,1.0,41,0.0,5.0,646,0.0,2,2.0,3
2430,0,0.0,42,1.0,5.0,1430,1.0,1,1.0,2
2432,1,1.0,48,1.0,5.0,1395,1.0,2,2.0,2
2433,1,1.0,73,1.0,3.0,756,1.0,3,2.0,3
2434,1,0.0,40,1.0,7.0,1075,1.0,1,1.0,1
2435,1,0.0,29,1.0,1.0,1593,3.0,1,6.0,0
2437,0,1.0,89,1.0,3.0,808,0.0,1,2.0,1
2438,0,1.0,86,1.0,3.0,1743,0.0,1,1.0,0
2439,0,1.0,38,1.0,5.0,1569,0.0,2,3.0,0
2440,0,1.0,45,1.0,6.0,876,0.0,3,4.0,1
2441,0,0.0,26,0.0,1.0,814,0.0,1,4.0,1
2443,1,1.0,52,1.0,5.0,569,1.0,2,5.0,3
2444,0,1.0,43,1.0,5.0,521,5.0,2,2.0,3
2445,0,0.0,35,1.0,5.0,859,1.0,1,1.0,1
2446,0,1.0,73,1.0,3.0,1329,1.0,1,2.0,2
2447,0,0.0,41,1.0,5.0,1098,4.0,1,3.0,1
2449,0,1.0,35,1.0,4.0,1011,6.0,1,3.0,1
2450,1,1.0,63,1.0,5.0,1336,0.0,2,2.0,2
2454,1,1.0,46,1.0,5.0,1575,0.0,2,4.0,0
2455,0,1.0,38,0.0,4.0,518,0.0,1,2.0,3
2456,0,1.0,25,1.0,7.0,1379,1.0,1,3.0,2
2457,1,1.0,40,1.0,5.0,821,7.0,2,3.0,1
2458,1,1.0,55,1.0,3.0,1065,1.0,1,2.0,1
2459,1,0.0,29,1.0,1.0,689,0.0,1,1.0,3
2460,1,1.0,39,1.0,5.0,675,2.0,1,1.0,3
2461,0,1.0,50,0.0,7.0,648,1.0,2,3.0,3
2462,1,1.0,61,1.0,5.0,805,1.0,2,2.0,1
2463,0,1.0,56,1.0,5.0,1602,0.0,1,1.0,0
2464,0,0.0,40,1.0,4.0,858,1.0,1,3.0,1
2465,1,1.0,86,1.0,3.0,643,0.0,3,2.0,3
2466,0,0.0,27,0.0,4.0,1630,5.0,1,3.0,0
2470,0,1.0,32,0.0,7.0,595,9.0,1,2.0,3
2471,1,1.0,85,1.0,3.0,536,1.0,1,2.0,3
2472,1,1.0,51,1.0,5.0,612,0.0,1,1.0,3
2473,1,0.0,41,1.0,5.0,1544,8.0,1,2.0,0
2474,0,1.0,42,0.0,6.0,1506,5.0,3,4.0,2
2475,1,0.0,30,1.0,9.0,725,0.0,1,6.0,3
2477,1,1.0,42,1.0,5.0,622,9.0,2,3.0,3
2479,0,1.0,60,1.0,6.0,886,4.0,3,4.0,1
2480,0,0.0,18,0.0,1.0,870,2.0,1,5.0,1
2481,0,1.0,36,1.0,6.0,1469,0.0,2,4.0,2
2482,0,1.0,49,1.0,5.0,527,0.0,2,2.0,3
2483,0,1.0,42,1.0,6.0,731,1.0,3,3.0,3
2484,0,1.0,42,0.0,5.0,699,1.0,2,5.0,3
2486,1,1.0,62,1.0,7.0,551,1.0,1,2.0,3
2487,0,1.0,47,1.0,6.0,569,0.0,3,4.0,3
2489,1,1.0,25,1.0,5.0,1456,3.0,3,2.0,2
2490,1,0.0,27,1.0,5.0,768,1.0,1,4.0,1
2492,0,1.0,36,1.0,5.0,876,0.0,1,4.0,1
2493,0,1.0,51,1.0,4.0,1000,3.0,1,3.0,1
2497,0,1.0,52,1.0,5.0,707,9.0,1,1.0,3
2498,0,1.0,89,1.0,3.0,1492,4.0,1,1.0,2
2501,0,1.0,48,1.0,1.0,1027,1.0,2,4.0,1
2502,0,0.0,31,1.0,1.0,577,8.0,1,1.0,3
2504,0,1.0,58,1.0,6.0,1067,0.0,2,4.0,1
2505,0,1.0,60,1.0,5.0,675,0.0,1,3.0,3
2508,0,1.0,48,1.0,7.0,500,1.0,2,3.0,3
2509,0,0.0,35,1.0,7.0,1381,5.0,1,1.0,2
2511,0,1.0,60,1.0,5.0,628,0.0,2,4.0,3
2512,0,0.0,32,0.0,4.0,857,0.0,1,1.0,1
2513,0,1.0,40,1.0,4.0,778,7.0,1,2.0,1
2514,1,0.0,25,1.0,1.0,866,0.0,1,1.0,1
2515,0,1.0,42,0.0,5.0,1052,1.0,1,5.0,1
2516,0,0.0,26,0.0,1.0,1328,8.0,1,8.0,2
2517,0,0.0,27,1.0,2.0,640,6.0,1,1.0,3
2518,0,0.0,42,0.0,5.0,736,2.0,1,4.0,3
2519,1,1.0,77,1.0,3.0,652,4.0,1,1.0,3
2521,0,1.0,36,0.0,5.0,1304,4.0,2,2.0,2
2522,0,1.0,57,1.0,3.0,831,6.0,1,3.0,1
2523,0,1.0,76,1.0,3.0,738,1.0,1,1.0,3
2525,0,1.0,52,1.0,5.0,876,1.0,1,1.0,1
2526,1,0.0,35,1.0,5.0,1047,9.0,1,1.0,1
2527,0,1.0,43,1.0,7.0,595,9.0,2,2.0,3
2528,0,0.0,43,1.0,5.0,558,14.0,1,1.0,3
2530,0,0.0,21,0.0,1.0,865,0.0,1,4.0,1
2531,0,0.0,23,0.0,1.0,1001,0.0,1,4.0,1
2532,0,1.0,65,1.0,4.0,1001,0.0,2,2.0,1
2533,0,1.0,35,1.0,6.0,592,4.0,3,4.0,3
2534,0,1.0,48,1.0,6.0,645,4.0,3,3.0,3
2535,0,1.0,33,0.0,7.0,594,9.0,1,2.0,3
2536,0,1.0,82,0.0,3.0,776,1.0,3,2.0,1
2537,0,1.0,45,0.0,6.0,1077,1.0,3,4.0,1
2538,0,0.0,56,0.0,9.0,699,1.0,1,2.0,3
2540,0,1.0,30,1.0,1.0,1465,8.0,3,3.0,2
2541,0,0.0,37,1.0,1.0,532,8.0,1,3.0,3
2542,0,1.0,51,0.0,9.0,858,0.0,3,6.0,1
2543,0,1.0,59,1.0,4.0,1565,5.0,3,5.0,0
2544,0,1.0,56,1.0,6.0,619,0.0,3,2.0,3
2545,1,1.0,29,1.0,7.0,1667,0.0,2,2.0,0
2548,0,1.0,89,1.0,3.0,551,7.0,3,2.0,3
2549,1,0.0,38,1.0,5.0,609,9.0,1,4.0,3
2550,0,1.0,45,1.0,6.0,721,4.0,3,3.0,3
2551,0,0.0,37,1.0,4.0,1389,0.0,1,1.0,2
2552,0,1.0,74,0.0,6.0,614,1.0,1,7.0,3
2553,0,1.0,82,1.0,3.0,742,0.0,3,2.0,3
2554,0,1.0,53,1.0,5.0,1388,7.0,3,4.0,2
2555,1,1.0,43,0.0,2.0,1432,0.0,3,5.0,2
2556,0,1.0,62,1.0,4.0,566,2.0,2,6.0,3
2557,0,1.0,56,0.0,6.0,545,8.0,3,3.0,3
2558,0,1.0,88,1.0,3.0,838,3.0,3,2.0,1
2559,0,0.0,28,1.0,7.0,1494,0.0,1,2.0,2
2560,1,1.0,51,1.0,4.0,1325,5.0,2,2.0,2
2561,1,1.0,60,0.0,5.0,621,0.0,2,4.0,3
2562,0,0.0,19,0.0,1.0,763,0.0,1,3.0,1
2563,0,0.0,23,0.0,1.0,559,1.0,1,3.0,3
2564,0,0.0,20,0.0,1.0,700,0.0,1,9.0,3
2565,1,0.0,50,1.0,5.0,1070,1.0,1,1.0,1
2566,1,0.0,21,0.0,9.0,547,4.0,1,4.0,3
2567,0,1.0,62,1.0,7.0,603,0.0,2,2.0,3
2568,1,0.0,36,1.0,7.0,1728,1.0,1,1.0,0
2569,1,0.0,31,0.0,9.0,1643,0.0,1,2.0,0
2570,0,1.0,52,1.0,7.0,852,4.0,2,3.0,1
2571,0,0.0,20,0.0,1.0,599,1.0,1,5.0,3
2573,1,1.0,48,1.0,5.0,1043,1.0,3,5.0,1
2574,1,1.0,40,1.0,4.0,818,6.0,2,2.0,1
2575,0,1.0,55,1.0,5.0,797,1.0,3,2.0,1
2576,1,1.0,62,1.0,5.0,600,1.0,2,2.0,3
2577,0,0.0,48,1.0,5.0,815,0.0,1,1.0,1
2578,0,1.0,36,1.0,4.0,1552,1.0,1,2.0,0
2579,1,1.0,73,1.0,5.0,627,0.0,1,2.0,3
2580,1,0.0,23,0.0,9.0,586,0.0,1,8.0,3
2581,1,1.0,25,1.0,5.0,510,0.0,2,2.0,3
2582,0,1.0,60,1.0,5.0,823,0.0,2,2.0,1
2583,0,0.0,37,1.0,5.0,532,14.0,1,1.0,3
2584,1,1.0,39,1.0,7.0,1064,0.0,1,1.0,1
2585,1,0.0,39,1.0,5.0,583,12.0,1,1.0,3
2586,0,1.0,58,1.0,5.0,613,0.0,1,2.0,3
2587,1,0.0,33,1.0,4.0,582,0.0,1,1.0,3
2589,1,1.0,66,1.0,3.0,779,1.0,3,2.0,1
2590,1,0.0,40,1.0,5.0,853,2.0,1,1.0,1
2591,1,1.0,66,1.0,4.0,846,0.0,3,2.0,1
2592,1,1.0,50,1.0,5.0,683,9.0,3,2.0,3
2594,1,1.0,50,1.0,5.0,826,0.0,2,2.0,1
2595,1,0.0,39,1.0,5.0,1450,1.0,1,1.0,2
2596,1,1.0,46,1.0,5.0,779,0.0,2,2.0,1
2597,0,0.0,29,0.0,7.0,1398,0.0,1,4.0,2
2598,1,0.0,29,1.0,7.0,886,0.0,1,5.0,1
2599,0,0.0,23,0.0,7.0,530,1.0,1,5.0,3
2600,0,1.0,57,1.0,5.0,1763,1.0,2,2.0,0
2601,1,0.0,31,1.0,1.0,677,1.0,1,4.0,3
2602,1,1.0,69,1.0,5.0,533,1.0,1,1.0,3
2603,1,0.0,28,1.0,4.0,703,0.0,1,4.0,3
2604,1,0.0,31,1.0,5.0,1085,14.0,1,1.0,1
2605,0,1.0,37,1.0,6.0,1412,0.0,3,3.0,2
2606,0,1.0,58,1.0,1.0,578,0.0,1,4.0,3
2607,0,1.0,48,1.0,5.0,514,3.0,1,1.0,3
2608,1,0.0,18,0.0,7.0,527,1.0,1,4.0,3
2609,1,0.0,27,1.0,1.0,540,2.0,1,4.0,3
2610,0,0.0,30,1.0,7.0,840,8.0,1,6.0,1
2611,1,1.0,36,1.0,5.0,659,1.0,2,2.0,3
2612,0,1.0,45,1.0,4.0,1433,4.0,2,2.0,2
2613,1,0.0,26,0.0,1.0,627,1.0,1,4.0,3
2614,1,0.0,23,0.0,1.0,669,0.0,1,3.0,3
2615,1,0.0,42,1.0,5.0,528,0.0,1,1.0,3
2616,0,1.0,46,1.0,4.0,655,5.0,1,1.0,3
2617,1,0.0,27,0.0,9.0,810,8.0,1,4.0,1
2618,1,1.0,42,1.0,5.0,1562,0.0,1,2.0,0
2619,1,0.0,19,0.0,1.0,812,0.0,1,3.0,1
2620,0,0.0,21,0.0,1.0,520,1.0,1,4.0,3
2621,1,0.0,35,1.0,4.0,1445,1.0,1,2.0,2
2622,0,0.0,29,0.0,1.0,668,9.0,1,4.0,3
2623,1,0.0,35,1.0,7.0,613,1.0,1,1.0,3
2625,0,1.0,47,1.0,6.0,656,1.0,3,5.0,3
2626,1,0.0,43,1.0,1.0,1059,9.0,1,3.0,1
